label,instance_id,n_frames,f0,f1
forget,2,53,-0.15,-0.13
question,2,64,-0.15,-0.14
wild,1,72,-0.09,-0.12
same,1,50,-0.14,0.02
hot,1,50,-0.15,-0.01
which,2,57,-0.15,-0.15
juice,2,56,-0.1,-0.08
Norway,1,56,-0.15,0.04
please,1,65,-0.12,0.01
hot,2,53,-0.14,-0.14
stubborn,2,48,-0.14,0.15
crazy,3,53,-0.11,-0.13
Norway,3,56,-0.1,-0.13
danger,2,55,-0.15,-0.13
share,2,54,-0.1,-0.13
crazy,1,57,-0.19,0.04
spend,2,75,-0.12,-0.1
glove,2,76,-0.16,-0.13
stubborn,3,57,-0.13,-0.15
read,3,58,-0.1,-0.09
spend,1,54,-0.1,-0.01
write,1,72,-0.16,0.03
more,3,50,-0.1,-0.15
research,3,61,-0.12,-0.01
buy,1,58,-0.15,0.03
tray,1,62,-0.09,0.14
is_true_,1,74,-0.08,0.02
answer,3,53,-0.15,-0.03
later,1,51,-0.04,0.04
mine,3,46,-0.11,-0.14
paper,2,52,-0.16,-0.09
ready,3,51,-0.15,-0.1
computer_PC_,3,56,-0.07,0.08
how,1,77,-0.15,0.03
surprise,3,55,-0.08,-0.14
drink,2,51,-0.14,-0.15
responsible,2,57,-0.14,-0.14
question,3,51,-0.12,-0.09
later,3,53,-0.04,-0.02
think,2,51,-0.15,-0.14
head,2,51,-0.11,-0.13
make,1,59,-0.1,0.03
how,3,50,-0.09,-0.13
polite,2,56,-0.11,-0.13
temper,2,52,-0.14,0.04
I,2,53,-0.14,-0.14
surprise,2,53,-0.16,-0.15
boy,1,53,-0.16,0.02
no,2,52,-0.13,-0.15
change_mind_,3,53,-0.09,-0.13
flash,light,53,0.09,-0.08
which,3,51,-0.09,-0.13
yes,3,50,-0.1,-0.14
alive,3,53,-0.11,-0.14
all,3,55,-0.11,-0.13
answer,2,56,-0.11,0.01
who,1,55,-0.16,-0.01
deaf,3,56,-0.12,-0.13
hear,1,51,-0.14,-0.02
eat,3,49,-0.1,-0.13
will,2,52,-0.11,-0.14
research,2,55,-0.1,-0.05
draw,1,75,-0.16,0.02
think,3,51,-0.1,-0.14
us,3,55,-0.11,-0.13
right,3,50,-0.1,-0.15
same,3,48,-0.1,0.05
ready,2,53,-0.14,-0.15
draw,2,52,-0.09,-0.02
love,2,57,-0.14,-0.14
pen,2,49,-0.16,-0.14
pen,3,50,-0.1,-0.13
danger,1,84,-0.21,-0.02
lose,2,59,-0.08,-0.05
cost,2,48,-0.15,-0.02
come,2,50,-0.13,-0.13
not,my,69,-0.21,-0.02
man,1,52,-0.1,-0.12
sorry,2,80,-0.12,-0.13
give,3,54,-0.06,-0.08
happy,1,54,-0.21,0.02
drink,1,57,-0.13,-0.01
wrong,1,51,-0.14,-0.01
right,1,51,-0.15,0.01
buy,2,48,-0.04,-0.02
polite,3,65,-0.1,-0.13
exit,3,51,-0.09,0.08
flash,light,57,-0.09,-0.09
maybe,2,52,-0.1,-0.13
computer_PC_,2,55,-0.06,0.1
Norway,2,56,-0.13,-0.13
how,2,64,-0.09,-0.1
think,1,50,-0.13,0.03
why,1,53,-0.13,0.03
God,2,55,-0.11,-0.13
God,3,56,-0.06,-0.08
yes,1,51,-0.15,-0.0
temper,1,55,-0.11,0.27
give,2,54,-0.11,-0.13
stubborn,1,53,-0.11,-0.0
tray,3,60,-0.1,-0.04
love,3,52,-0.05,-0.08
when,2,58,-0.11,-0.13
temper,3,52,-0.11,0.08
science,1,81,-0.16,0.04
building,3,66,-0.11,-0.11
sorry,1,71,-0.1,-0.11
is_true_,2,52,-0.05,-0.02
zero,2,54,-0.11,-0.13
answer,1,62,-0.1,0.03
different,1,58,-0.15,0.04
us,2,64,-0.13,-0.14
man,3,53,-0.09,-0.14
name,1,69,-0.14,-0.03
danger,3,54,-0.07,-0.14
soon,2,53,-0.12,-0.15
write,2,58,-0.09,-0.08
share,3,57,0.02,-0.03
cost,3,49,-0.16,-0.1
ready,1,54,-0.18,0.03
shop,2,54,-0.09,-0.02
thank,2,51,-0.14,-0.13
same,2,50,-0.15,-0.06
wait_notyet_,2,54,-0.15,0.04
hello,2,50,-0.14,-0.14
know,3,54,-0.12,-0.14
responsible,3,50,-0.11,0.19
go,1,52,-0.09,-0.04
yes,2,49,-0.15,-0.14
wait_notyet_,3,57,-0.15,-0.14
juice,3,55,-0.09,-0.14
deaf,1,62,-0.14,0.02
which,1,54,-0.15,0.04
take,2,47,-0.09,-0.15
is_true_,3,50,-0.04,-0.05
girl,2,51,-0.1,-0.14
love,1,89,-0.16,0.0
name,2,51,-0.12,-0.13
her,1,52,-0.09,-0.12
give,1,52,-0.13,-0.01
forget,3,52,-0.11,-0.15
thank,3,68,-0.11,-0.12
forget,1,54,-0.17,0.03
joke,2,55,-0.15,-0.13
read,1,96,-0.17,0.03
boy,2,51,-0.13,-0.13
zero,3,61,-0.11,-0.14
wild,2,54,-0.11,-0.13
cold,2,56,-0.15,0.01
science,2,66,-0.15,-0.1
wait_notyet_,1,91,-0.15,0.03
come,1,52,-0.11,-0.12
hello,3,47,-0.11,-0.14
why,2,49,-0.15,-0.14
why,3,52,-0.1,-0.14
zero,1,51,-0.12,0.02
hear,2,54,-0.13,-0.14
happy,3,54,-0.1,-0.13
please,2,56,-0.11,-0.15
glove,3,54,-0.1,-0.05
where,2,55,-0.14,-0.13
joke,1,51,-0.1,-0.12
maybe,3,48,-0.09,-0.14
later,2,60,-0.1,-0.14
cold,3,53,-0.22,0.02
name,3,50,-0.08,-0.13
money,2,55,-0.15,-0.11
mine,2,47,-0.11,-0.13
you,1,48,-0.13,0.01
hello,1,62,-0.1,-0.11
flash,light,58,-0.09,-0.14
responsible,1,63,-0.12,0.2
change_mind_,1,54,-0.08,-0.1
her,3,46,-0.1,-0.13
more,1,48,-0.13,-0.03
take,3,47,-0.1,-0.13
come,3,48,-0.11,-0.13
go,2,53,-0.07,0.03
God,1,90,-0.06,0.03
write,3,61,-0.1,-0.14
hurt,3,53,-0.07,-0.15
juice,1,74,-0.13,0.03
head,3,49,-0.11,-0.13
change_mind_,2,56,-0.16,-0.14
sorry,3,55,-0.1,-0.15
joke,3,50,-0.13,-0.14
head,1,66,-0.15,0.03
will,1,60,-0.16,-0.01
buy,3,50,-0.1,-0.04
who,2,50,-0.1,-0.13
tray,2,49,-0.04,0.14
no,1,48,-0.1,-0.11
money,1,49,-0.09,-0.03
when,3,54,-0.09,-0.13
pen,1,60,-0.09,-0.11
all,2,60,-0.16,-0.15
different,3,57,-0.13,-0.14
innocent,2,53,-0.15,-0.14
will,3,54,-0.09,-0.14
computer_PC_,1,81,-0.04,0.14
hurry,1,67,-0.16,0.01
make,3,50,-0.11,-0.02
you,3,48,-0.07,-0.14
hurt,1,88,-0.17,0.03
where,3,53,-0.26,-0.03
what,2,48,-0.11,-0.14
alive,2,54,-0.15,-0.15
innocent,3,54,-0.12,-0.15
girl,3,51,-0.07,-0.15
all,1,55,-0.09,-0.12
read,2,71,-0.11,-0.15
right,2,52,-0.15,-0.14
shop,1,50,-0.15,0.03
paper,1,61,-0.1,0.06
lose,3,51,0.02,0.03
wrong,3,53,-0.09,-0.15
voluntary,2,55,-0.09,-0.13
what,1,60,-0.16,0.03
wrong,2,48,-0.09,-0.14
money,3,51,-0.06,-0.08
research,1,60,-0.09,0.15
wild,3,54,-0.09,-0.13
polite,1,56,-0.11,-0.11
hot,3,49,-0.1,-0.15
know,1,51,-0.15,0.02
when,1,49,-0.13,0.03
sad,2,54,-0.13,-0.13
you,2,51,-0.14,-0.13
surprise,1,60,-0.15,0.01
not,my,64,-0.1,0.02
voluntary,3,57,-0.12,-0.14
alive,1,50,-0.1,-0.13
hurry,2,59,-0.14,-0.13
building,2,79,-0.03,-0.06
exit,1,52,-0.08,0.07
I,1,51,-0.13,0.03
mine,1,51,-0.16,0.01
science,3,58,-0.09,-0.14
question,1,86,-0.1,0.09
girl,1,57,-0.09,-0.11
soon,3,54,-0.1,-0.13
eat,1,74,-0.13,-0.02
cost,1,64,-0.15,0.09
innocent,1,85,-0.12,-0.02
eat,2,56,-0.1,-0.14
sad,1,76,-0.12,0.02
us,1,84,-0.14,0.02
no,3,62,-0.13,-0.14
what,3,50,-0.07,-0.14
I,3,47,-0.1,-0.12
voluntary,1,65,-0.12,-0.02
where,1,92,-0.18,0.03
lose,1,57,-0.1,0.07
cold,1,80,-0.15,0.09
hurt,2,58,-0.16,-0.15
paper,3,51,-0.09,-0.04
her,2,55,-0.12,-0.13
happy,2,50,-0.09,-0.09
thank,1,48,-0.1,-0.12
hurry,3,48,-0.07,-0.02
go,3,53,-0.04,-0.0
please,3,52,-0.11,-0.15
more,2,49,-0.15,-0.13
maybe,1,66,-0.13,0.02
sad,3,50,-0.09,-0.14
boy,3,55,-0.1,-0.14
share,1,66,-0.12,0.03
who,3,51,-0.09,-0.13
crazy,2,62,-0.11,-0.14
man,2,48,-0.13,-0.15
know,2,50,-0.16,-0.18
drink,3,52,-0.09,-0.14
soon,1,74,-0.11,-0.12
different,2,55,-0.12,-0.08
draw,3,55,-0.1,-0.08
shop,3,50,-0.09,-0.06
exit,2,58,-0.14,0.01
hear,3,48,-0.07,-0.13
building,1,77,-0.11,0.03
not,my,51,-0.16,-0.0
make,2,49,-0.08,-0.03
take,1,53,-0.13,0.0
deaf,2,49,-0.11,-0.14
glove,1,75,-0.05,-0.02
spend,3,57,-0.04,-0.07
forget,2,55,-0.07,-0.07
question,2,52,0.02,0.09
wild,1,57,-0.05,-0.08
same,1,51,-0.02,-0.01
hot,1,52,-0.07,-0.08
which,2,53,-0.04,-0.08
juice,2,60,-0.05,0.0
Norway,1,58,-0.04,-0.09
please,1,52,-0.06,-0.08
hot,2,50,-0.07,-0.08
stubborn,2,56,-0.07,0.05
crazy,3,55,-0.02,-0.07
Norway,3,52,-0.05,-0.07
danger,2,53,-0.02,-0.09
share,2,59,-0.02,-0.02
crazy,1,52,-0.05,-0.07
spend,2,68,-0.04,-0.01
glove,2,54,-0.07,0.02
stubborn,3,50,-0.05,-0.03
read,3,69,-0.07,-0.01
spend,1,57,-0.05,0.02
write,1,63,-0.07,0.04
more,3,49,-0.02,-0.07
research,3,59,-0.04,-0.04
buy,1,53,-0.1,0.02
tray,1,60,-0.07,0.09
is_true_,1,50,-0.03,-0.03
answer,3,51,0.02,0.1
later,1,50,-0.02,0.04
mine,3,45,-0.01,-0.09
paper,2,51,-0.09,0.08
ready,3,54,-0.07,0.13
computer_PC_,3,58,-0.01,0.15
how,1,47,-0.02,-0.01
surprise,3,52,-0.05,-0.07
drink,2,50,-0.01,-0.08
responsible,2,56,-0.06,0.25
question,3,50,-0.02,0.08
later,3,53,0.01,0.09
think,2,53,-0.01,-0.07
head,2,49,-0.07,-0.09
make,1,51,-0.03,0.03
how,3,53,-0.0,0.03
polite,2,52,-0.03,-0.09
temper,2,62,-0.06,0.35
I,2,52,-0.05,-0.09
surprise,2,51,-0.02,-0.08
boy,1,51,-0.07,-0.07
no,2,64,-0.02,-0.08
his_hers,2,50,-0.01,-0.09
change_mind_,3,57,-0.04,-0.07
flash,light,87,-0.02,-0.09
which,3,53,-0.02,-0.09
yes,3,53,-0.05,-0.07
alive,3,56,-0.08,-0.07
all,3,54,-0.03,-0.09
answer,2,56,-0.02,0.04
who,1,53,-0.08,-0.08
deaf,3,52,-0.02,-0.07
hear,1,59,-0.07,-0.07
eat,3,62,-0.0,-0.09
will,2,53,-0.01,-0.08
research,2,57,-0.01,0.12
draw,1,50,-0.07,0.03
think,3,49,-0.03,-0.09
us,3,52,-0.02,-0.08
right,3,48,-0.02,-0.08
same,3,51,-0.07,0.05
ready,2,52,-0.07,0.06
draw,2,55,-0.09,-0.01
love,2,53,0.2,0.29
pen,2,53,-0.03,-0.07
pen,3,50,-0.02,-0.08
danger,1,51,-0.02,-0.07
lose,2,54,-0.09,0.01
cost,2,50,-0.07,0.02
come,2,48,-0.01,-0.07
not,my,47,-0.07,0.16
man,1,49,-0.06,-0.08
sorry,2,53,-0.06,-0.08
give,3,52,-0.02,-0.01
happy,1,60,-0.07,0.02
drink,1,54,-0.05,-0.09
wrong,1,53,-0.03,-0.07
right,1,48,-0.03,-0.09
buy,2,49,-0.06,0.08
polite,3,51,-0.03,-0.08
exit,3,56,-0.05,0.1
flash,light,57,-0.04,-0.06
maybe,2,50,-0.02,-0.09
computer_PC_,2,53,0.03,0.2
Norway,2,54,-0.04,-0.08
how,2,56,-0.06,-0.02
think,1,52,-0.04,-0.07
why,1,50,-0.06,-0.08
God,2,51,0.04,0.03
God,3,58,-0.05,-0.05
yes,1,49,-0.0,-0.07
temper,1,63,-0.07,0.14
give,2,58,-0.09,-0.03
stubborn,1,50,-0.06,-0.08
tray,3,59,-0.01,0.06
love,3,59,0.11,0.26
when,2,54,-0.02,-0.07
temper,3,53,-0.05,0.29
science,1,62,-0.08,-0.08
building,3,64,0.05,0.08
sorry,1,54,-0.06,-0.08
is_true_,2,63,-0.1,-0.06
zero,2,53,-0.03,-0.08
answer,1,47,-0.02,0.12
different,1,52,0.02,0.04
us,2,52,-0.06,-0.07
man,3,48,-0.01,-0.09
name,1,53,-0.04,-0.08
danger,3,51,-0.01,-0.09
soon,2,54,-0.07,-0.09
write,2,58,-0.06,0.04
share,3,58,-0.04,-0.02
cost,3,59,-0.07,0.02
ready,1,73,-0.08,-0.03
shop,2,58,-0.02,-0.04
thank,2,49,-0.01,-0.08
same,2,53,-0.07,0.07
wait_notyet_,2,57,-0.06,0.09
hello,2,48,-0.05,-0.07
know,3,52,-0.02,-0.07
responsible,3,52,-0.1,0.21
go,1,49,-0.02,0.01
yes,2,78,-0.0,-0.08
wait_notyet_,3,55,-0.07,0.2
juice,3,64,-0.07,-0.0
deaf,1,53,-0.04,-0.08
which,1,55,-0.02,-0.07
take,2,52,-0.06,-0.08
is_true_,3,54,-0.02,-0.02
girl,2,55,-0.02,-0.08
love,1,63,0.05,0.19
name,2,51,-0.0,-0.07
give,1,53,-0.05,0.03
forget,3,52,-0.01,-0.09
thank,3,58,-0.01,-0.07
forget,1,53,-0.05,-0.09
joke,2,55,-0.06,-0.09
read,1,61,-0.08,-0.02
boy,2,52,-0.06,-0.09
zero,3,54,-0.02,-0.09
wild,2,56,-0.0,-0.07
cold,2,53,-0.15,0.13
science,2,57,-0.08,-0.03
wait_notyet_,1,51,-0.04,0.17
come,1,47,-0.05,-0.08
hello,3,48,-0.0,-0.07
why,2,49,-0.03,-0.07
why,3,57,-0.06,-0.07
zero,1,50,-0.08,-0.07
hear,2,51,-0.05,-0.09
happy,3,58,0.0,0.07
please,2,51,-0.06,-0.08
glove,3,55,-0.07,0.01
where,2,56,-0.12,-0.03
joke,1,70,-0.08,-0.08
maybe,3,49,-0.05,-0.09
later,2,77,-0.03,-0.01
cold,3,52,-0.13,0.03
name,3,52,-0.05,-0.07
money,2,50,-0.07,-0.02
mine,2,48,-0.07,-0.08
you,1,48,-0.02,-0.08
hello,1,47,-0.08,-0.07
flash,light,54,0.11,0.04
responsible,1,58,-0.07,0.01
change_mind_,1,53,-0.08,-0.09
more,1,54,-0.03,-0.08
take,3,52,-0.01,-0.07
come,3,50,-0.07,-0.07
go,2,59,-0.01,0.15
God,1,54,-0.03,-0.03
write,3,61,-0.09,-0.02
hurt,3,52,-0.01,-0.09
juice,1,58,-0.07,-0.03
head,3,54,-0.01,-0.07
change_mind_,2,64,-0.01,-0.09
sorry,3,51,-0.0,-0.08
joke,3,61,-0.01,-0.08
head,1,54,-0.0,-0.08
will,1,56,-0.01,-0.08
buy,3,50,-0.1,0.09
who,2,49,-0.06,-0.08
tray,2,61,-0.06,0.02
no,1,50,-0.04,-0.08
money,1,49,-0.07,-0.03
when,3,52,-0.06,-0.09
pen,1,52,-0.02,-0.08
all,2,52,-0.02,-0.09
different,3,49,0.05,0.09
innocent,2,55,-0.08,-0.07
will,3,51,-0.01,-0.08
computer_PC_,1,56,-0.02,0.13
hurry,1,54,-0.03,-0.03
make,3,51,0.03,0.07
his_hers,1,51,-0.08,-0.07
you,3,48,-0.03,-0.08
hurt,1,55,-0.05,-0.08
where,3,55,-0.12,0.01
what,2,52,-0.06,-0.07
alive,2,51,-0.02,-0.09
innocent,3,71,-0.07,-0.07
girl,3,53,-0.02,-0.07
all,1,57,-0.04,-0.08
read,2,56,-0.07,0.03
right,2,52,-0.07,-0.08
shop,1,51,-0.06,0.03
paper,1,53,-0.05,0.12
lose,3,49,0.1,0.15
wrong,3,50,-0.04,-0.08
voluntary,2,56,-0.0,-0.07
what,1,51,-0.02,-0.08
wrong,2,51,-0.08,-0.08
money,3,57,-0.09,-0.02
research,1,80,0.02,0.1
wild,3,54,-0.03,-0.07
polite,1,52,-0.02,-0.08
hot,3,51,-0.07,-0.07
know,1,58,-0.06,-0.07
when,1,53,-0.07,-0.08
sad,2,52,-0.02,-0.08
you,2,50,-0.06,-0.08
surprise,1,50,-0.05,-0.07
not,my,66,-0.01,0.21
voluntary,3,54,-0.05,-0.08
alive,1,59,-0.04,-0.08
hurry,2,54,-0.03,0.04
building,2,66,0.06,0.14
exit,1,56,-0.06,-0.0
I,1,50,-0.05,-0.07
mine,1,53,-0.04,-0.07
science,3,58,-0.04,-0.08
question,1,54,-0.02,0.06
girl,1,56,-0.07,-0.07
soon,3,55,-0.02,-0.09
eat,1,50,-0.03,-0.08
cost,1,81,-0.09,-0.02
innocent,1,50,-0.08,-0.07
eat,2,51,-0.08,-0.07
sad,1,56,-0.04,-0.08
us,1,51,-0.07,-0.07
no,3,49,-0.05,-0.07
what,3,52,-0.04,-0.09
his_hers,3,48,-0.02,-0.07
I,3,52,-0.02,-0.07
voluntary,1,57,-0.04,-0.07
where,1,54,-0.13,0.03
lose,1,54,0.02,0.1
cold,1,53,-0.12,-0.03
hurt,2,56,-0.06,-0.08
paper,3,51,-0.02,0.14
happy,2,52,-0.07,-0.02
thank,1,51,-0.05,-0.08
hurry,3,49,-0.01,0.05
go,3,54,0.1,0.09
please,3,50,-0.01,-0.07
more,2,55,-0.01,-0.08
maybe,1,49,-0.06,-0.08
sad,3,53,-0.01,-0.08
boy,3,56,-0.01,-0.08
share,1,58,0.03,0.03
who,3,55,-0.0,-0.07
crazy,2,55,-0.03,-0.09
man,2,55,-0.03,-0.08
know,2,53,-0.03,-0.09
drink,3,54,-0.03,-0.07
soon,1,55,-0.05,-0.08
different,2,76,-0.02,-0.03
draw,3,52,-0.07,0.1
shop,3,57,-0.08,-0.07
exit,2,52,-0.07,0.1
hear,3,51,-0.0,-0.07
building,1,68,0.04,0.07
not,my,50,-0.12,0.13
make,2,53,-0.07,-0.02
take,1,49,-0.07,-0.06
deaf,2,72,-0.03,-0.07
glove,1,55,-0.09,-0.02
spend,3,53,-0.03,-0.02
forget,2,58,-0.03,-0.08
question,2,57,-0.01,0.04
wild,1,60,-0.03,-0.08
same,1,55,-0.03,-0.02
hot,1,53,-0.03,-0.07
which,2,58,-0.03,-0.07
juice,2,59,-0.09,-0.01
Norway,1,57,-0.02,-0.05
please,1,52,0.02,-0.06
hot,2,56,-0.01,-0.08
stubborn,2,57,-0.05,0.08
crazy,3,54,-0.03,-0.08
Norway,3,59,-0.04,-0.08
danger,2,54,-0.02,-0.08
share,2,61,-0.01,-0.02
crazy,1,53,-0.03,-0.05
spend,2,56,-0.08,-0.02
glove,2,56,-0.08,-0.01
stubborn,3,53,-0.03,0.14
read,3,69,-0.07,-0.01
spend,1,60,-0.06,-0.01
write,1,55,-0.11,-0.01
more,3,56,-0.01,-0.06
research,3,62,-0.0,0.07
buy,1,54,-0.07,0.03
tray,1,59,-0.01,0.03
is_true_,1,56,-0.02,-0.02
answer,3,55,0.01,0.05
later,1,58,0.01,-0.02
mine,3,72,-0.03,-0.07
paper,2,52,-0.02,0.05
ready,3,52,-0.1,-0.05
computer_PC_,3,60,-0.02,0.04
how,1,54,-0.03,-0.08
surprise,3,52,-0.02,-0.06
drink,2,55,-0.01,-0.07
responsible,2,62,-0.02,-0.08
question,3,58,-0.02,0.04
later,3,55,-0.01,0.04
think,2,52,-0.03,-0.07
head,2,58,-0.03,-0.06
make,1,52,-0.03,-0.02
how,3,51,-0.08,-0.05
polite,2,62,-0.02,-0.06
temper,2,55,-0.08,0.08
I,2,51,-0.02,-0.06
surprise,2,55,-0.02,-0.07
boy,1,54,-0.02,-0.07
no,2,56,-0.02,-0.07
his_hers,2,53,-0.02,-0.07
change_mind_,3,57,-0.01,-0.07
flash,light,56,0.1,-0.01
which,3,52,-0.03,-0.07
yes,3,55,-0.03,-0.06
alive,3,66,-0.02,-0.08
all,3,61,-0.03,-0.07
answer,2,53,-0.01,0.09
who,1,54,-0.03,-0.08
deaf,3,56,-0.02,-0.08
hear,1,56,-0.02,-0.08
eat,3,51,-0.01,-0.07
will,2,58,-0.03,-0.07
research,2,54,-0.02,0.1
draw,1,51,-0.11,-0.01
think,3,52,-0.02,-0.07
us,3,54,-0.01,-0.06
right,3,50,-0.01,-0.07
same,3,53,0.02,0.08
ready,2,58,-0.12,-0.01
draw,2,57,-0.08,-0.02
love,2,57,0.09,0.16
pen,2,52,-0.02,-0.07
pen,3,55,-0.02,-0.07
danger,1,57,-0.03,-0.05
lose,2,52,-0.06,0.04
cost,2,56,-0.09,-0.03
come,2,50,-0.02,-0.07
not,my,56,-0.11,0.04
man,1,58,-0.02,-0.07
sorry,2,54,-0.02,-0.06
give,3,72,-0.09,0.04
happy,1,59,-0.1,-0.01
drink,1,55,-0.01,-0.06
wrong,1,57,-0.03,-0.07
right,1,54,-0.03,-0.06
buy,2,54,-0.08,0.04
polite,3,56,-0.02,-0.07
exit,3,53,-0.09,0.04
flash,light,57,0.06,-0.01
maybe,2,46,-0.04,-0.06
computer_PC_,2,62,-0.03,0.01
Norway,2,56,-0.04,-0.07
how,2,55,-0.04,-0.01
think,1,53,-0.03,-0.06
why,1,60,-0.03,-0.07
God,2,56,-0.02,-0.01
God,3,58,-0.02,-0.04
yes,1,59,-0.03,-0.06
temper,1,53,-0.08,0.26
give,2,58,-0.08,0.05
stubborn,1,54,-0.02,0.07
tray,3,60,-0.03,0.07
love,3,65,-0.01,0.09
when,2,59,-0.03,-0.06
temper,3,60,-0.04,-0.03
science,1,59,-0.03,-0.06
building,3,62,0.02,0.09
sorry,1,58,-0.01,-0.07
is_true_,2,56,-0.07,-0.01
zero,2,52,-0.01,-0.05
answer,1,56,-0.02,-0.01
different,1,56,0.03,-0.06
us,2,53,-0.03,-0.07
man,3,52,-0.03,-0.08
name,1,57,-0.03,-0.08
danger,3,56,-0.02,-0.07
soon,2,54,-0.01,-0.07
write,2,64,-0.06,-0.01
share,3,62,-0.03,-0.0
cost,3,57,-0.08,0.03
ready,1,55,-0.12,0.01
shop,2,53,-0.11,-0.01
thank,2,49,-0.03,-0.07
same,2,52,0.07,0.1
wait_notyet_,2,50,-0.04,0.16
hello,2,51,-0.03,-0.06
know,3,54,-0.03,-0.07
responsible,3,57,-0.09,0.2
go,1,57,0.02,-0.01
yes,2,52,-0.02,-0.07
wait_notyet_,3,52,-0.03,0.14
juice,3,57,-0.09,-0.02
deaf,1,56,-0.03,-0.07
which,1,49,-0.02,-0.07
take,2,50,-0.02,-0.06
is_true_,3,53,-0.05,-0.02
girl,2,82,-0.03,-0.06
love,1,58,-0.02,-0.02
name,2,53,-0.03,-0.07
give,1,55,-0.09,-0.02
forget,3,53,-0.02,-0.07
thank,3,52,-0.02,-0.07
forget,1,55,-0.01,-0.07
joke,2,54,-0.02,-0.08
read,1,57,-0.14,0.03
boy,2,54,-0.02,-0.07
zero,3,50,-0.03,-0.08
wild,2,55,-0.02,-0.07
cold,2,56,-0.13,0.03
science,2,62,-0.04,-0.05
wait_notyet_,1,57,-0.03,0.08
come,1,51,-0.02,-0.07
hello,3,49,-0.02,-0.08
why,2,59,-0.01,-0.08
why,3,58,-0.03,-0.06
zero,1,52,-0.04,-0.06
hear,2,54,-0.02,-0.06
happy,3,54,-0.08,0.0
please,2,54,-0.01,-0.08
glove,3,53,-0.06,0.01
where,2,59,-0.12,-0.04
joke,1,52,-0.02,-0.07
maybe,3,49,-0.01,-0.07
later,2,71,0.01,-0.0
cold,3,54,-0.13,0.1
name,3,55,-0.02,-0.07
money,2,58,-0.12,-0.01
mine,2,54,-0.01,-0.07
you,1,50,-0.01,-0.07
hello,1,54,-0.02,-0.06
flash,light,60,0.01,-0.03
responsible,1,58,-0.14,0.08
change_mind_,1,56,-0.02,-0.07
more,1,54,-0.03,-0.07
take,3,55,-0.01,-0.07
come,3,58,-0.03,-0.07
go,2,53,0.03,0.1
God,1,64,0.03,-0.01
write,3,56,-0.13,-0.03
hurt,3,55,-0.03,-0.07
juice,1,60,-0.08,-0.02
head,3,53,-0.02,-0.07
change_mind_,2,55,-0.03,-0.08
sorry,3,60,-0.03,-0.06
joke,3,54,-0.01,-0.06
head,1,64,-0.03,-0.08
will,1,53,-0.03,-0.06
buy,3,52,-0.09,0.01
who,2,55,-0.01,-0.08
tray,2,64,-0.03,0.03
no,1,50,-0.02,-0.06
money,1,57,-0.09,-0.01
when,3,55,-0.03,-0.06
pen,1,56,-0.04,-0.07
all,2,61,-0.03,-0.07
different,3,52,0.04,0.0
innocent,2,58,-0.04,-0.06
will,3,55,-0.0,-0.06
computer_PC_,1,59,-0.05,0.04
hurry,1,54,-0.02,0.0
make,3,57,-0.02,-0.01
his_hers,1,52,-0.03,-0.07
you,3,51,-0.02,-0.06
hurt,1,57,-0.01,-0.08
where,3,56,-0.18,-0.03
what,2,47,-0.02,-0.06
alive,2,51,-0.02,-0.08
innocent,3,54,-0.04,-0.08
girl,3,52,-0.02,-0.06
all,1,58,-0.03,-0.07
read,2,58,-0.13,-0.02
right,2,53,-0.02,-0.08
shop,1,51,-0.1,0.0
paper,1,56,-0.03,-0.01
lose,3,51,-0.02,0.06
wrong,3,51,-0.03,-0.06
voluntary,2,57,-0.03,-0.07
what,1,48,-0.01,-0.04
wrong,2,53,-0.02,-0.08
money,3,55,-0.14,-0.05
research,1,53,0.0,0.04
wild,3,54,-0.04,-0.07
polite,1,54,-0.02,-0.08
hot,3,52,-0.01,-0.07
know,1,56,-0.02,-0.06
when,1,56,-0.02,-0.06
sad,2,54,-0.02,-0.04
you,2,50,-0.02,-0.07
surprise,1,51,-0.02,-0.07
not,my,55,-0.12,0.04
voluntary,3,58,-0.03,-0.07
alive,1,57,-0.02,-0.08
hurry,2,53,-0.04,-0.01
building,2,86,-0.02,-0.07
exit,1,53,-0.06,0.09
I,1,51,-0.02,-0.08
mine,1,52,-0.03,-0.07
science,3,65,-0.05,-0.07
question,1,55,-0.02,0.03
girl,1,55,-0.03,-0.07
soon,3,53,-0.04,-0.07
eat,1,57,-0.04,-0.07
cost,1,57,-0.06,-0.04
innocent,1,54,-0.03,-0.07
eat,2,53,-0.02,-0.08
sad,1,58,-0.02,-0.07
us,1,55,-0.02,-0.08
no,3,52,-0.01,-0.07
what,3,48,-0.01,-0.08
his_hers,3,53,-0.0,-0.07
I,3,51,-0.03,-0.06
voluntary,1,61,-0.03,-0.08
where,1,56,-0.11,-0.02
lose,1,51,-0.05,0.02
cold,1,56,-0.12,0.06
hurt,2,58,-0.02,-0.07
paper,3,60,-0.02,0.06
happy,2,55,-0.08,-0.02
thank,1,52,-0.03,-0.07
hurry,3,53,-0.04,-0.01
go,3,49,0.03,0.07
please,3,52,-0.01,-0.06
more,2,49,-0.03,-0.07
maybe,1,59,-0.01,-0.08
sad,3,53,-0.03,-0.06
boy,3,54,-0.02,-0.08
share,1,60,-0.06,-0.02
who,3,51,-0.02,-0.06
crazy,2,69,-0.02,-0.07
man,2,56,-0.03,-0.07
know,2,51,-0.03,-0.07
drink,3,55,-0.02,-0.06
soon,1,72,-0.03,-0.07
different,2,55,0.04,-0.0
draw,3,81,-0.1,0.04
shop,3,54,-0.11,0.03
exit,2,54,-0.08,0.02
hear,3,53,-0.02,-0.07
building,1,73,-0.01,-0.07
not,my,55,-0.11,-0.01
make,2,56,-0.02,-0.02
take,1,51,-0.01,-0.07
deaf,2,55,-0.03,-0.06
glove,1,64,-0.08,0.03
spend,3,55,-0.06,-0.01
forget,2,57,-0.07,-0.15
question,2,52,0.0,-0.04
wild,1,83,-0.08,-0.15
same,1,53,-0.11,-0.05
hot,1,72,-0.07,-0.16
which,2,55,-0.07,-0.16
juice,2,57,-0.11,-0.15
Norway,1,55,-0.06,-0.15
please,1,52,-0.08,-0.16
hot,2,54,-0.05,-0.15
stubborn,2,50,-0.1,-0.01
crazy,3,56,-0.06,-0.17
Norway,3,57,-0.05,-0.15
danger,2,54,-0.05,-0.16
share,2,67,-0.04,-0.1
crazy,1,55,-0.05,-0.16
spend,2,57,-0.12,-0.13
glove,2,72,-0.12,-0.1
stubborn,3,49,-0.1,0.05
read,3,66,-0.17,-0.1
spend,1,56,-0.09,-0.1
write,1,59,-0.17,-0.11
more,3,51,-0.05,-0.15
research,3,63,-0.06,-0.01
buy,1,55,-0.17,-0.11
tray,1,56,-0.0,-0.04
is_true_,1,52,-0.06,-0.13
answer,3,52,-0.01,-0.05
later,1,54,-0.05,-0.04
mine,3,47,-0.05,-0.17
paper,2,56,-0.1,-0.12
ready,3,53,-0.18,-0.1
computer_PC_,3,57,-0.06,-0.01
how,1,50,-0.05,-0.11
surprise,3,51,-0.06,-0.17
drink,2,52,-0.07,-0.16
responsible,2,61,-0.18,0.07
question,3,56,-0.07,-0.09
later,3,61,-0.02,-0.1
think,2,52,-0.05,-0.16
head,2,49,-0.02,-0.15
make,1,54,-0.05,-0.1
how,3,50,-0.07,-0.14
polite,2,51,-0.06,-0.15
temper,2,54,-0.12,0.08
I,2,51,-0.06,-0.16
surprise,2,50,-0.07,-0.15
boy,1,60,-0.06,-0.16
no,2,53,-0.07,-0.17
his_hers,2,50,-0.05,-0.15
change_mind_,3,54,-0.05,-0.16
flash,light,54,-0.0,-0.16
which,3,56,-0.06,-0.15
yes,3,57,-0.07,-0.18
alive,3,54,-0.05,-0.16
all,3,54,-0.07,-0.15
answer,2,54,-0.06,-0.04
who,1,52,-0.07,-0.16
deaf,3,52,-0.05,-0.17
hear,1,53,-0.06,-0.17
eat,3,59,-0.07,-0.17
will,2,51,-0.05,-0.17
research,2,58,-0.06,0.0
draw,1,57,-0.2,-0.1
think,3,50,-0.02,-0.15
us,3,51,-0.05,-0.15
right,3,47,-0.06,-0.15
same,3,64,0.0,-0.04
ready,2,50,-0.18,-0.12
draw,2,56,-0.08,-0.16
love,2,52,0.0,0.03
pen,2,55,-0.05,-0.16
pen,3,53,-0.06,-0.15
danger,1,54,-0.11,-0.17
lose,2,75,-0.12,-0.09
cost,2,50,-0.13,-0.04
come,2,55,-0.06,-0.15
not,my,56,-0.13,-0.11
man,1,53,-0.05,-0.15
sorry,2,54,-0.07,-0.15
give,3,51,-0.14,-0.11
happy,1,55,-0.17,-0.1
drink,1,53,-0.07,-0.16
wrong,1,48,-0.06,-0.15
right,1,54,-0.07,-0.17
buy,2,52,-0.16,-0.1
polite,3,51,-0.06,-0.17
exit,3,59,-0.07,-0.04
flash,light,56,0.02,-0.16
maybe,2,53,-0.06,-0.16
computer_PC_,2,59,-0.07,-0.02
Norway,2,56,-0.06,-0.16
how,2,60,-0.09,-0.16
think,1,52,-0.1,-0.17
why,1,78,-0.08,-0.16
God,2,59,-0.08,-0.12
God,3,55,-0.01,-0.15
yes,1,53,-0.07,-0.16
temper,1,55,-0.13,0.08
give,2,60,-0.17,-0.11
stubborn,1,52,-0.09,-0.05
tray,3,59,0.0,-0.0
love,3,58,-0.05,-0.03
when,2,57,-0.07,-0.15
temper,3,51,-0.11,0.17
science,1,65,-0.08,-0.17
building,3,72,-0.06,-0.15
sorry,1,59,-0.05,-0.16
is_true_,2,53,-0.07,-0.13
zero,2,51,-0.07,-0.15
answer,1,52,-0.07,-0.04
different,1,48,0.02,-0.06
us,2,54,-0.05,-0.15
man,3,50,-0.06,-0.16
name,1,56,-0.06,-0.15
danger,3,52,-0.07,-0.16
soon,2,55,-0.08,-0.15
write,2,62,-0.15,-0.07
share,3,58,-0.06,-0.12
cost,3,53,-0.12,-0.1
ready,1,58,-0.18,-0.11
shop,2,54,-0.14,-0.1
thank,2,53,-0.05,-0.16
same,2,53,-0.04,-0.06
wait_notyet_,2,56,-0.11,-0.1
hello,2,53,-0.05,-0.16
know,3,51,-0.06,-0.15
responsible,3,59,-0.12,-0.01
go,1,51,0.01,0.01
yes,2,53,-0.07,-0.16
wait_notyet_,3,55,-0.06,0.02
juice,3,57,-0.12,-0.16
deaf,1,70,-0.06,-0.17
which,1,64,-0.06,-0.17
take,2,75,-0.06,-0.15
is_true_,3,53,-0.07,-0.12
girl,2,55,-0.06,-0.15
love,1,57,-0.12,-0.11
name,2,51,-0.08,-0.15
give,1,55,-0.11,-0.05
forget,3,55,-0.06,-0.15
thank,3,50,-0.05,-0.17
forget,1,57,-0.07,-0.15
joke,2,54,-0.06,-0.17
read,1,55,-0.18,-0.1
boy,2,54,-0.06,-0.17
zero,3,48,-0.06,-0.15
wild,2,53,-0.08,-0.16
cold,2,77,-0.12,0.01
science,2,63,-0.12,-0.16
wait_notyet_,1,48,-0.07,0.06
come,1,52,-0.05,-0.16
hello,3,55,-0.03,-0.17
why,2,54,-0.05,-0.15
why,3,56,-0.07,-0.15
zero,1,51,-0.07,-0.15
hear,2,52,-0.06,-0.15
happy,3,56,-0.12,-0.13
please,2,54,-0.06,-0.17
glove,3,52,-0.12,-0.1
where,2,59,-0.23,-0.16
joke,1,56,-0.05,-0.15
maybe,3,48,-0.06,-0.15
later,2,55,-0.06,-0.11
cold,3,50,-0.1,0.04
name,3,50,-0.0,-0.15
money,2,54,-0.13,-0.15
mine,2,52,-0.07,-0.15
you,1,50,-0.05,-0.16
hello,1,50,-0.07,-0.16
flash,light,55,0.04,-0.16
responsible,1,60,-0.17,-0.08
change_mind_,1,59,-0.09,-0.16
more,1,53,-0.08,-0.15
take,3,54,-0.06,-0.17
come,3,48,-0.06,-0.16
go,2,57,-0.0,0.0
God,1,65,-0.08,-0.16
write,3,65,-0.12,-0.1
hurt,3,55,-0.06,-0.15
juice,1,56,-0.12,-0.14
head,3,58,-0.06,-0.16
change_mind_,2,56,-0.06,-0.16
sorry,3,56,-0.06,-0.16
joke,3,53,-0.06,-0.16
head,1,56,-0.06,-0.16
will,1,52,-0.09,-0.17
buy,3,56,-0.12,-0.08
who,2,59,-0.06,-0.17
tray,2,58,-0.05,-0.05
no,1,51,-0.08,-0.16
money,1,54,-0.18,-0.1
when,3,54,-0.05,-0.15
pen,1,55,-0.08,-0.15
all,2,56,-0.05,-0.17
different,3,67,0.02,-0.1
innocent,2,60,-0.05,-0.15
will,3,52,-0.07,-0.15
computer_PC_,1,60,-0.07,0.01
hurry,1,48,-0.06,-0.01
make,3,54,-0.02,-0.1
his_hers,1,51,-0.07,-0.16
you,3,50,-0.07,-0.16
hurt,1,53,-0.05,-0.16
where,3,51,-0.25,-0.15
what,2,49,-0.06,-0.16
alive,2,55,-0.05,-0.16
innocent,3,49,-0.0,-0.17
girl,3,52,-0.07,-0.17
all,1,53,-0.07,-0.16
read,2,75,-0.16,-0.08
right,2,52,-0.05,-0.17
shop,1,55,-0.17,-0.09
paper,1,69,-0.12,-0.08
lose,3,51,-0.07,-0.04
wrong,3,48,-0.06,-0.15
voluntary,2,57,-0.05,-0.16
what,1,50,-0.05,-0.16
wrong,2,55,-0.07,-0.16
money,3,54,-0.13,-0.14
research,1,60,-0.06,-0.03
wild,3,62,-0.09,-0.16
polite,1,55,-0.1,-0.17
hot,3,49,-0.09,-0.15
know,1,54,-0.05,-0.15
when,1,73,-0.05,-0.16
sad,2,62,-0.05,-0.15
you,2,50,-0.07,-0.15
surprise,1,55,-0.07,-0.16
not,my,51,-0.17,-0.09
voluntary,3,56,-0.07,-0.17
alive,1,55,-0.08,-0.15
hurry,2,53,-0.08,-0.1
building,2,63,-0.06,-0.11
exit,1,53,-0.11,-0.06
I,1,53,-0.07,-0.15
mine,1,59,-0.07,-0.15
science,3,56,-0.05,-0.15
question,1,48,-0.05,-0.1
girl,1,55,-0.05,-0.15
soon,3,55,-0.05,-0.15
eat,1,56,-0.05,-0.15
cost,1,57,-0.12,-0.15
innocent,1,53,-0.07,-0.16
eat,2,52,-0.07,-0.17
sad,1,55,-0.1,-0.17
us,1,49,-0.06,-0.16
no,3,53,-0.07,-0.16
what,3,49,-0.06,-0.15
his_hers,3,51,-0.06,-0.15
I,3,46,-0.08,-0.15
voluntary,1,60,-0.09,-0.17
where,1,57,-0.22,-0.15
lose,1,54,-0.12,-0.1
cold,1,54,-0.12,-0.02
hurt,2,58,-0.06,-0.16
paper,3,54,-0.05,-0.06
happy,2,54,-0.17,-0.1
thank,1,53,-0.05,-0.17
hurry,3,51,-0.09,-0.1
go,3,54,-0.05,-0.06
please,3,49,-0.06,-0.17
more,2,50,-0.06,-0.17
maybe,1,51,-0.06,-0.15
sad,3,69,-0.07,-0.16
boy,3,52,-0.05,-0.17
share,1,58,-0.08,-0.1
who,3,54,-0.04,-0.15
crazy,2,53,-0.07,-0.17
man,2,52,-0.06,-0.16
know,2,74,-0.07,-0.17
drink,3,49,-0.05,-0.17
soon,1,54,-0.1,-0.15
different,2,53,-0.02,-0.1
draw,3,58,-0.18,-0.11
shop,3,59,-0.12,-0.07
exit,2,51,-0.05,-0.03
hear,3,55,-0.03,-0.15
building,1,62,-0.02,-0.05
not,my,49,-0.16,-0.05
make,2,52,-0.06,-0.1
take,1,51,-0.09,-0.16
deaf,2,53,-0.06,-0.16
glove,1,58,-0.12,-0.03
spend,3,55,-0.11,-0.1
forget,2,52,-0.03,-0.14
question,2,58,0.01,-0.03
wild,1,54,-0.06,-0.15
same,1,53,-0.05,-0.09
hot,1,49,-0.03,-0.16
which,2,55,-0.03,-0.14
juice,2,53,-0.06,-0.13
Norway,1,59,-0.05,-0.14
please,1,53,-0.06,-0.16
hot,2,50,-0.04,-0.16
stubborn,2,49,-0.06,0.15
crazy,3,59,-0.04,-0.15
Norway,3,58,-0.04,-0.16
danger,2,54,-0.04,-0.16
share,2,63,-0.03,-0.12
crazy,1,58,-0.04,-0.16
spend,2,54,-0.09,-0.13
glove,2,55,-0.05,-0.04
stubborn,3,56,-0.06,0.07
read,3,60,-0.16,-0.1
spend,1,60,-0.05,-0.15
write,1,65,-0.14,-0.14
more,3,49,-0.06,-0.16
research,3,59,0.01,0.02
buy,1,80,-0.12,-0.09
tray,1,62,0.03,-0.05
is_true_,1,52,-0.05,-0.14
answer,3,53,-0.02,-0.04
later,1,57,-0.04,-0.1
mine,3,51,-0.02,-0.15
paper,2,57,-0.05,-0.13
ready,3,77,-0.14,-0.05
computer_PC_,3,65,-0.05,-0.05
how,1,74,-0.02,-0.12
surprise,3,54,-0.05,-0.16
drink,2,52,-0.04,-0.14
responsible,2,59,-0.11,-0.01
question,3,53,-0.0,-0.03
later,3,58,-0.0,-0.04
think,2,52,-0.06,-0.16
head,2,57,-0.04,-0.16
make,1,82,-0.01,-0.09
how,3,78,-0.04,-0.12
polite,2,54,-0.03,-0.15
temper,2,55,-0.07,0.05
I,2,52,-0.05,-0.16
surprise,2,52,-0.02,-0.15
boy,1,53,-0.04,-0.15
no,2,52,-0.06,-0.14
his_hers,2,47,-0.06,-0.16
change_mind_,3,57,-0.05,-0.15
flash,light,59,0.04,-0.15
which,3,55,-0.05,-0.16
yes,3,84,-0.03,-0.15
alive,3,52,-0.04,-0.16
all,3,69,-0.05,-0.14
answer,2,61,-0.04,-0.1
who,1,52,-0.04,-0.16
deaf,3,54,-0.04,-0.15
hear,1,53,-0.02,-0.16
eat,3,55,-0.04,-0.16
will,2,51,-0.04,-0.16
research,2,60,-0.05,0.01
draw,1,65,-0.13,-0.11
think,3,52,-0.03,-0.15
us,3,54,-0.06,-0.16
right,3,51,-0.05,-0.09
same,3,57,0.04,-0.03
ready,2,58,-0.11,-0.12
draw,2,88,-0.13,-0.04
love,2,60,0.08,0.04
pen,2,54,-0.06,-0.16
pen,3,55,-0.04,-0.16
danger,1,53,-0.03,-0.15
lose,2,56,-0.02,-0.02
cost,2,51,-0.08,-0.05
come,2,50,-0.04,-0.16
not,my,52,-0.1,-0.05
man,1,52,-0.02,-0.16
sorry,2,58,-0.05,-0.16
give,3,52,-0.09,-0.09
happy,1,58,-0.08,-0.09
drink,1,57,-0.04,-0.15
wrong,1,52,-0.05,-0.15
right,1,50,0.0,-0.14
buy,2,60,-0.11,-0.07
polite,3,52,-0.04,-0.16
exit,3,57,-0.06,-0.04
flash,light,56,0.04,-0.14
maybe,2,51,-0.06,-0.17
computer_PC_,2,63,-0.05,-0.03
Norway,2,56,-0.03,-0.16
how,2,59,-0.06,-0.15
think,1,51,-0.03,-0.16
why,1,57,-0.05,-0.15
God,2,53,0.01,-0.1
God,3,53,0.01,-0.09
yes,1,56,-0.05,-0.16
temper,1,58,-0.09,-0.09
give,2,52,-0.11,-0.1
stubborn,1,52,-0.05,0.05
tray,3,59,0.03,-0.02
love,3,54,-0.01,0.02
when,2,56,-0.04,-0.16
temper,3,53,-0.06,0.06
science,1,58,-0.04,-0.14
building,3,80,-0.05,-0.16
sorry,1,53,0.01,-0.17
is_true_,2,57,-0.11,-0.15
zero,2,52,-0.04,-0.14
answer,1,54,-0.04,-0.04
different,1,55,0.05,-0.07
us,2,53,-0.03,-0.15
man,3,51,-0.05,-0.16
name,1,51,-0.05,-0.15
danger,3,53,-0.04,-0.16
soon,2,55,-0.04,-0.16
write,2,78,-0.14,-0.1
share,3,54,0.01,-0.06
cost,3,52,-0.09,-0.07
ready,1,53,-0.11,-0.09
shop,2,53,-0.09,-0.04
thank,2,66,-0.04,-0.15
same,2,69,-0.06,-0.11
wait_notyet_,2,52,-0.07,0.07
hello,2,71,-0.06,-0.15
know,3,51,-0.03,-0.16
responsible,3,60,-0.08,0.03
go,1,52,0.01,0.01
yes,2,56,-0.05,-0.16
wait_notyet_,3,58,-0.09,0.04
juice,3,54,-0.12,-0.09
deaf,1,54,-0.05,-0.16
which,1,56,-0.04,-0.14
take,2,52,-0.04,-0.16
is_true_,3,50,-0.06,-0.13
girl,2,55,-0.04,-0.16
love,1,54,-0.0,0.0
name,2,52,-0.05,-0.16
give,1,67,-0.11,-0.09
forget,3,51,-0.02,-0.15
thank,3,50,-0.03,-0.15
forget,1,61,-0.06,-0.15
joke,2,55,-0.04,-0.15
read,1,63,-0.12,-0.1
boy,2,56,-0.06,-0.16
zero,3,53,-0.05,-0.16
wild,2,56,-0.06,-0.15
cold,2,57,-0.1,-0.01
science,2,63,-0.09,-0.15
wait_notyet_,1,59,-0.05,0.09
come,1,52,-0.03,-0.15
hello,3,48,-0.05,-0.16
why,2,56,-0.04,-0.16
why,3,74,-0.03,-0.15
zero,1,48,-0.06,-0.15
hear,2,55,-0.05,-0.16
happy,3,61,-0.16,-0.11
please,2,53,-0.02,-0.15
glove,3,50,-0.05,-0.03
where,2,56,-0.19,-0.13
joke,1,67,-0.06,-0.14
maybe,3,53,-0.06,-0.14
later,2,56,-0.04,-0.11
cold,3,62,-0.05,0.02
name,3,72,-0.04,-0.15
money,2,55,-0.13,-0.08
mine,2,54,-0.06,-0.17
you,1,52,-0.0,-0.16
hello,1,69,-0.03,-0.15
flash,light,54,0.02,-0.13
responsible,1,54,-0.1,0.12
change_mind_,1,56,-0.04,-0.16
more,1,51,-0.06,-0.15
take,3,54,-0.02,-0.16
come,3,50,-0.06,-0.16
go,2,53,0.01,0.02
God,1,62,0.01,-0.09
write,3,87,-0.12,-0.05
hurt,3,57,-0.04,-0.16
juice,1,63,-0.1,-0.15
head,3,49,-0.04,-0.15
change_mind_,2,55,-0.05,-0.14
sorry,3,56,-0.05,-0.15
joke,3,51,-0.05,-0.15
head,1,52,-0.05,-0.15
will,1,53,-0.04,-0.15
buy,3,51,-0.11,-0.04
who,2,59,-0.04,-0.16
tray,2,61,-0.03,-0.04
no,1,51,-0.06,-0.14
money,1,56,-0.1,-0.1
when,3,71,-0.05,-0.16
pen,1,62,-0.05,-0.15
all,2,56,-0.04,-0.17
different,3,49,0.07,-0.04
innocent,2,55,-0.03,-0.15
will,3,49,-0.05,-0.16
computer_PC_,1,60,-0.05,0.02
hurry,1,54,-0.05,-0.1
make,3,58,-0.05,-0.1
his_hers,1,50,-0.05,-0.15
you,3,52,-0.05,-0.16
hurt,1,58,-0.03,-0.15
where,3,59,-0.19,-0.16
what,2,49,-0.06,-0.16
alive,2,53,-0.05,-0.14
innocent,3,71,-0.05,-0.16
girl,3,51,-0.03,-0.16
all,1,56,-0.04,-0.15
read,2,59,-0.16,-0.1
right,2,48,-0.06,-0.16
shop,1,50,-0.09,-0.06
paper,1,55,-0.05,-0.15
lose,3,54,-0.07,-0.08
wrong,3,51,-0.05,-0.14
voluntary,2,56,-0.06,-0.16
what,1,52,-0.04,-0.14
wrong,2,51,-0.05,-0.15
money,3,56,-0.1,-0.1
research,1,55,0.01,-0.01
wild,3,59,-0.05,-0.14
polite,1,55,-0.05,-0.16
hot,3,49,-0.05,-0.16
know,1,58,-0.04,-0.17
when,1,70,-0.05,-0.16
sad,2,81,-0.05,-0.15
you,2,60,-0.04,-0.16
surprise,1,49,-0.04,-0.16
not,my,51,-0.1,-0.07
voluntary,3,60,-0.04,-0.15
alive,1,55,-0.05,-0.15
hurry,2,62,-0.05,-0.15
building,2,67,0.01,0.0
exit,1,56,-0.05,-0.01
I,1,52,-0.04,-0.16
mine,1,49,-0.03,-0.15
science,3,67,-0.05,-0.16
question,1,51,-0.04,-0.02
girl,1,52,-0.06,-0.15
soon,3,56,-0.05,-0.15
eat,1,53,-0.06,-0.16
cost,1,51,-0.1,-0.08
innocent,1,56,-0.05,-0.16
eat,2,60,-0.05,-0.16
sad,1,75,-0.06,-0.16
us,1,52,-0.02,-0.16
no,3,51,-0.05,-0.16
what,3,75,-0.05,-0.15
his_hers,3,51,-0.03,-0.16
I,3,51,-0.02,-0.15
voluntary,1,61,-0.05,-0.16
where,1,54,-0.23,-0.15
lose,1,51,-0.06,-0.09
cold,1,57,-0.08,0.03
hurt,2,57,-0.06,-0.16
paper,3,54,-0.07,-0.07
happy,2,58,-0.13,-0.05
thank,1,50,-0.04,-0.16
hurry,3,57,-0.06,-0.04
go,3,51,0.01,0.01
please,3,52,-0.03,-0.15
more,2,51,-0.05,-0.16
maybe,1,53,-0.06,-0.14
sad,3,53,-0.04,-0.16
boy,3,55,-0.03,-0.16
share,1,62,-0.04,-0.11
who,3,57,-0.02,-0.14
crazy,2,59,-0.04,-0.15
man,2,52,-0.05,-0.16
know,2,53,-0.04,-0.16
drink,3,51,-0.05,-0.15
soon,1,70,-0.02,-0.16
different,2,51,0.06,-0.07
draw,3,54,-0.15,-0.06
shop,3,54,-0.13,-0.05
exit,2,54,-0.06,0.01
hear,3,55,-0.05,-0.14
building,1,80,-0.03,-0.12
not,my,52,-0.17,-0.1
make,2,52,-0.06,-0.04
take,1,53,-0.04,-0.14
deaf,2,74,-0.06,-0.14
glove,1,57,-0.06,-0.06
spend,3,56,-0.11,-0.12
forget,2,55,-0.06,-0.18
question,2,61,-0.04,-0.12
wild,1,64,-0.04,-0.17
same,1,56,-0.04,-0.06
hot,1,54,-0.04,-0.16
which,2,60,-0.03,-0.18
juice,2,64,-0.09,-0.13
Norway,1,59,-0.04,-0.17
please,1,57,-0.05,-0.17
hot,2,56,-0.04,-0.18
stubborn,2,53,-0.05,-0.01
crazy,3,67,-0.05,-0.18
Norway,3,63,-0.03,-0.18
danger,2,60,-0.04,-0.16
share,2,66,-0.07,-0.12
crazy,1,61,-0.03,-0.17
spend,2,59,-0.08,-0.06
glove,2,66,-0.1,-0.12
stubborn,3,74,-0.04,-0.17
read,3,76,-0.05,-0.17
spend,1,60,-0.06,-0.11
write,1,65,-0.09,-0.12
more,3,60,-0.04,-0.17
research,3,70,-0.05,-0.17
buy,1,54,-0.11,-0.11
tray,1,74,-0.0,-0.07
is_true_,1,62,-0.04,-0.12
answer,3,61,-0.05,-0.17
later,1,51,-0.03,-0.11
mine,3,56,-0.03,-0.19
paper,2,58,-0.05,-0.12
ready,3,57,-0.09,-0.15
computer_PC_,3,65,-0.03,-0.09
how,1,61,-0.05,-0.14
surprise,3,93,-0.03,-0.18
drink,2,57,-0.02,-0.18
responsible,2,61,-0.11,-0.05
question,3,62,-0.03,-0.11
later,3,62,-0.04,-0.17
think,2,58,-0.03,-0.17
head,2,57,-0.03,-0.17
make,1,62,-0.04,-0.12
how,3,58,-0.05,-0.16
polite,2,56,-0.02,-0.18
temper,2,58,-0.05,-0.15
I,2,53,-0.06,-0.17
surprise,2,58,-0.06,-0.18
boy,1,59,-0.05,-0.18
no,2,54,-0.02,-0.18
his_hers,2,56,-0.05,-0.18
change_mind_,3,62,-0.04,-0.18
flash,light,68,-0.04,-0.18
which,3,59,-0.06,-0.17
yes,3,54,-0.05,-0.18
alive,3,58,-0.02,-0.17
all,3,79,-0.02,-0.18
answer,2,56,-0.05,-0.1
who,1,59,-0.03,-0.18
deaf,3,65,-0.04,-0.16
hear,1,71,-0.05,-0.15
eat,3,60,-0.06,-0.18
will,2,54,-0.03,-0.17
research,2,64,-0.04,-0.09
draw,1,60,-0.04,-0.17
think,3,56,-0.03,-0.17
us,3,57,-0.05,-0.17
right,3,55,-0.05,-0.17
same,3,55,-0.04,-0.11
ready,2,60,-0.15,-0.11
draw,2,70,-0.16,-0.06
love,2,60,-0.0,-0.02
pen,2,57,-0.04,-0.18
pen,3,92,-0.05,-0.18
danger,1,59,-0.05,-0.16
lose,2,58,-0.1,-0.07
cost,2,57,-0.11,-0.07
come,2,57,-0.03,-0.17
not,my,54,-0.11,-0.08
man,1,55,-0.05,-0.17
sorry,2,57,-0.04,-0.16
give,3,62,-0.05,-0.16
happy,1,57,-0.15,-0.09
drink,1,55,-0.04,-0.17
wrong,1,54,-0.03,-0.16
right,1,49,-0.04,-0.17
buy,2,66,-0.09,-0.11
polite,3,61,-0.05,-0.18
exit,3,79,-0.03,-0.12
flash,light,66,-0.05,-0.17
maybe,2,57,-0.02,-0.16
computer_PC_,2,75,-0.05,-0.15
Norway,2,68,-0.05,-0.16
how,2,52,-0.04,-0.13
think,1,55,-0.03,-0.18
why,1,56,-0.02,-0.15
God,2,57,-0.05,-0.12
God,3,61,-0.04,-0.18
yes,1,61,-0.05,-0.17
temper,1,58,-0.11,-0.04
give,2,57,-0.06,-0.09
stubborn,1,56,-0.06,-0.11
tray,3,62,-0.04,-0.1
love,3,61,-0.05,-0.06
when,2,73,-0.03,-0.18
temper,3,65,-0.04,-0.13
science,1,64,-0.05,-0.17
building,3,68,-0.05,-0.17
sorry,1,58,-0.05,-0.17
is_true_,2,60,-0.09,-0.11
zero,2,54,-0.05,-0.17
answer,1,53,-0.01,-0.13
different,1,57,-0.03,-0.16
us,2,57,-0.03,-0.17
man,3,65,-0.02,-0.18
name,1,56,-0.05,-0.17
danger,3,61,-0.04,-0.16
soon,2,61,-0.02,-0.17
write,2,66,-0.1,-0.12
share,3,67,-0.04,-0.12
cost,3,52,-0.07,-0.17
ready,1,61,-0.09,-0.13
shop,2,56,-0.12,-0.11
thank,2,56,-0.04,-0.18
same,2,56,-0.04,-0.12
wait_notyet_,2,61,-0.06,-0.12
hello,2,54,-0.06,-0.18
know,3,53,-0.05,-0.18
responsible,3,69,-0.07,-0.11
go,1,55,-0.05,-0.11
yes,2,63,-0.04,-0.18
wait_notyet_,3,62,-0.02,-0.15
juice,3,64,-0.16,-0.14
deaf,1,60,-0.04,-0.17
which,1,60,-0.04,-0.16
take,2,58,-0.04,-0.17
is_true_,3,60,-0.04,-0.12
girl,2,60,-0.04,-0.18
love,1,56,-0.09,-0.11
name,2,58,-0.04,-0.16
give,1,58,-0.06,-0.11
forget,3,60,-0.02,-0.16
thank,3,54,-0.05,-0.18
forget,1,57,-0.04,-0.18
joke,2,65,-0.05,-0.17
read,1,62,-0.13,-0.1
boy,2,60,-0.03,-0.17
zero,3,52,-0.04,-0.16
wild,2,62,-0.06,-0.16
cold,2,61,-0.05,-0.12
science,2,66,-0.05,-0.17
wait_notyet_,1,63,-0.05,-0.1
come,1,53,-0.03,-0.17
hello,3,52,-0.06,-0.17
why,2,59,-0.05,-0.17
why,3,63,-0.02,-0.18
zero,1,51,-0.05,-0.17
hear,2,53,0.0,-0.17
happy,3,64,-0.03,-0.17
please,2,56,-0.06,-0.19
glove,3,61,-0.08,-0.16
where,2,69,-0.06,-0.13
joke,1,56,-0.06,-0.17
maybe,3,62,-0.04,-0.18
later,2,61,-0.04,-0.13
cold,3,60,-0.04,-0.14
name,3,61,-0.05,-0.17
money,2,69,-0.1,-0.12
mine,2,53,-0.01,-0.17
you,1,54,-0.05,-0.17
hello,1,61,-0.05,-0.16
flash,light,66,-0.05,-0.12
responsible,1,61,-0.13,-0.1
change_mind_,1,60,-0.05,-0.18
more,1,51,-0.05,-0.17
take,3,57,-0.05,-0.17
come,3,83,-0.06,-0.16
go,2,56,-0.03,-0.18
God,1,58,-0.03,-0.12
write,3,70,-0.07,-0.14
hurt,3,61,-0.06,-0.17
juice,1,66,-0.13,-0.11
head,3,57,-0.05,-0.18
change_mind_,2,64,-0.05,-0.18
sorry,3,63,-0.04,-0.17
joke,3,58,-0.04,-0.17
head,1,56,-0.05,-0.16
will,1,54,-0.04,-0.18
buy,3,52,-0.1,-0.11
who,2,66,-0.03,-0.18
tray,2,65,-0.03,-0.17
no,1,52,-0.03,-0.16
money,1,59,-0.1,-0.12
when,3,60,-0.06,-0.17
pen,1,57,-0.05,-0.15
all,2,58,-0.04,-0.18
different,3,61,-0.04,-0.18
innocent,2,87,-0.05,-0.17
will,3,54,-0.04,-0.18
computer_PC_,1,61,-0.05,-0.18
hurry,1,55,-0.05,-0.15
make,3,61,-0.05,-0.15
his_hers,1,56,-0.05,-0.16
you,3,55,-0.06,-0.18
hurt,1,61,-0.04,-0.17
where,3,61,-0.12,-0.12
what,2,56,-0.0,-0.16
alive,2,59,-0.05,-0.18
innocent,3,53,-0.04,-0.17
girl,3,60,-0.03,-0.18
all,1,62,-0.05,-0.17
read,2,66,-0.09,-0.12
right,2,56,-0.04,-0.16
shop,1,64,-0.15,-0.06
paper,1,56,-0.05,-0.15
lose,3,61,-0.03,-0.17
wrong,3,51,-0.05,-0.17
voluntary,2,64,-0.04,-0.17
what,1,57,-0.04,-0.17
wrong,2,57,-0.04,-0.16
money,3,62,-0.05,-0.15
research,1,60,-0.05,-0.05
wild,3,70,-0.01,-0.18
polite,1,62,-0.04,-0.18
hot,3,55,-0.05,-0.16
know,1,54,-0.04,-0.17
when,1,61,-0.04,-0.18
sad,2,68,-0.01,-0.18
you,2,51,-0.04,-0.18
surprise,1,56,-0.06,-0.17
not,my,54,-0.12,-0.12
voluntary,3,61,-0.02,-0.16
alive,1,57,-0.05,-0.17
hurry,2,56,-0.05,-0.12
building,2,72,0.01,-0.06
exit,1,55,-0.04,-0.11
I,1,55,-0.04,-0.17
mine,1,49,-0.03,-0.17
science,3,70,-0.02,-0.16
question,1,55,-0.06,-0.11
girl,1,59,-0.04,-0.16
soon,3,66,-0.04,-0.17
eat,1,54,-0.03,-0.18
cost,1,55,-0.11,-0.13
innocent,1,52,-0.05,-0.17
eat,2,58,-0.02,-0.16
sad,1,57,-0.03,-0.17
us,1,55,-0.03,-0.18
no,3,56,-0.04,-0.17
what,3,60,-0.05,-0.16
his_hers,3,70,-0.05,-0.17
I,3,57,-0.03,-0.18
voluntary,1,62,-0.04,-0.17
where,1,63,-0.06,-0.15
lose,1,55,-0.05,-0.17
cold,1,60,-0.05,-0.18
hurt,2,64,-0.05,-0.18
paper,3,57,-0.05,-0.13
happy,2,65,-0.09,-0.11
thank,1,57,-0.05,-0.18
hurry,3,57,-0.05,-0.17
go,3,59,-0.02,-0.06
please,3,60,-0.04,-0.18
more,2,54,-0.04,-0.17
maybe,1,82,-0.06,-0.17
sad,3,62,-0.04,-0.16
boy,3,63,-0.04,-0.17
share,1,65,-0.07,-0.12
who,3,55,-0.05,-0.17
crazy,2,61,-0.05,-0.17
man,2,51,-0.05,-0.18
know,2,58,-0.04,-0.17
drink,3,60,-0.05,-0.19
soon,1,57,-0.05,-0.18
different,2,56,-0.03,-0.11
draw,3,92,-0.08,-0.12
shop,3,71,-0.1,-0.12
exit,2,61,-0.01,-0.16
hear,3,55,-0.04,-0.16
building,1,75,-0.05,-0.18
not,my,81,-0.05,-0.17
make,2,67,-0.09,-0.12
take,1,57,-0.04,-0.18
deaf,2,58,-0.04,-0.17
glove,1,58,-0.12,-0.12
spend,3,58,-0.05,-0.11
forget,2,60,-0.06,-0.16
question,2,60,-0.01,-0.05
wild,1,82,-0.02,-0.18
same,1,55,-0.03,-0.17
hot,1,55,-0.05,-0.16
which,2,58,-0.06,-0.16
juice,2,61,-0.12,-0.12
Norway,1,57,-0.03,-0.14
please,1,60,-0.03,-0.16
hot,2,56,-0.05,-0.17
stubborn,2,55,-0.06,-0.09
crazy,3,61,0.0,-0.14
Norway,3,62,-0.03,-0.12
danger,2,59,-0.06,-0.17
share,2,61,-0.06,-0.11
crazy,1,60,-0.04,-0.17
spend,2,78,-0.07,-0.08
glove,2,57,-0.08,-0.05
stubborn,3,52,-0.03,-0.08
read,3,67,-0.04,-0.15
spend,1,64,-0.1,-0.11
write,1,73,-0.04,-0.15
more,3,53,-0.04,-0.16
research,3,63,-0.01,-0.13
buy,1,54,-0.07,-0.14
tray,1,80,-0.01,-0.07
is_true_,1,54,-0.04,-0.12
answer,3,58,-0.03,-0.16
later,1,79,-0.02,-0.17
mine,3,53,-0.02,-0.15
paper,2,62,-0.1,-0.1
ready,3,58,-0.08,-0.14
computer_PC_,3,62,-0.06,-0.07
how,1,55,-0.04,-0.15
surprise,3,51,-0.0,-0.17
drink,2,54,-0.06,-0.16
responsible,2,77,-0.07,-0.16
question,3,52,-0.05,-0.08
later,3,81,-0.06,-0.11
think,2,101,-0.04,-0.16
head,2,57,-0.07,-0.17
make,1,57,-0.02,-0.11
how,3,69,-0.07,-0.12
polite,2,62,-0.05,-0.17
temper,2,64,-0.06,-0.16
I,2,56,-0.04,-0.18
surprise,2,54,-0.05,-0.15
boy,1,54,-0.04,-0.15
no,2,55,-0.05,-0.16
his_hers,2,58,-0.04,-0.17
change_mind_,3,58,-0.01,-0.14
flash,light,63,-0.02,-0.14
which,3,56,-0.03,-0.17
yes,3,55,-0.05,-0.18
alive,3,59,-0.01,-0.17
all,3,59,-0.01,-0.18
answer,2,58,-0.02,-0.15
who,1,58,-0.03,-0.15
deaf,3,56,-0.02,-0.16
hear,1,56,-0.04,-0.17
eat,3,55,-0.02,-0.15
will,2,57,-0.05,-0.17
research,2,67,-0.01,-0.13
draw,1,55,-0.12,-0.11
think,3,55,-0.03,-0.17
us,3,55,-0.04,-0.16
right,3,61,-0.02,-0.17
same,3,79,-0.06,-0.07
ready,2,63,-0.11,-0.13
draw,2,85,-0.08,-0.11
love,2,55,-0.03,-0.04
pen,2,58,-0.03,-0.17
pen,3,57,-0.04,-0.15
danger,1,55,-0.04,-0.16
lose,2,53,-0.06,-0.11
cost,2,56,-0.09,-0.12
come,2,51,-0.05,-0.17
not,my,58,-0.06,-0.16
man,1,52,-0.06,-0.15
sorry,2,73,-0.05,-0.14
give,3,60,-0.07,-0.11
happy,1,61,-0.06,-0.12
drink,1,54,-0.04,-0.18
wrong,1,50,-0.04,-0.18
right,1,53,-0.03,-0.18
buy,2,58,-0.11,-0.12
polite,3,57,-0.02,-0.17
exit,3,59,-0.06,-0.16
flash,light,59,-0.03,-0.13
maybe,2,58,-0.07,-0.17
computer_PC_,2,62,-0.06,-0.05
Norway,2,58,-0.04,-0.16
how,2,58,-0.06,-0.16
think,1,66,-0.05,-0.17
why,1,57,-0.01,-0.18
God,2,87,-0.05,-0.16
God,3,67,-0.0,-0.13
yes,1,54,-0.05,-0.17
temper,1,58,-0.06,-0.1
give,2,70,-0.11,-0.08
stubborn,1,65,-0.05,-0.1
tray,3,56,0.0,-0.06
love,3,77,-0.03,-0.18
when,2,61,-0.03,-0.18
temper,3,63,-0.06,-0.11
science,1,65,-0.04,-0.16
building,3,71,-0.01,-0.16
sorry,1,56,-0.03,-0.18
is_true_,2,79,-0.06,-0.11
zero,2,73,-0.03,-0.18
answer,1,60,-0.04,-0.15
different,1,52,-0.03,-0.11
us,2,53,-0.06,-0.17
man,3,56,-0.06,-0.16
name,1,57,-0.04,-0.17
danger,3,58,-0.05,-0.17
soon,2,59,-0.05,-0.18
write,2,65,-0.09,-0.07
share,3,60,-0.06,-0.11
cost,3,58,-0.05,-0.16
ready,1,55,-0.13,-0.12
shop,2,60,-0.08,-0.11
thank,2,55,-0.04,-0.17
same,2,60,-0.06,-0.09
wait_notyet_,2,57,-0.06,-0.03
hello,2,53,-0.05,-0.17
know,3,59,-0.04,-0.17
responsible,3,80,-0.1,-0.04
go,1,65,-0.06,-0.11
yes,2,58,-0.06,-0.17
wait_notyet_,3,54,-0.05,-0.01
juice,3,61,-0.11,-0.12
deaf,1,54,-0.05,-0.16
which,1,56,-0.02,-0.16
take,2,51,-0.07,-0.18
is_true_,3,55,-0.02,-0.18
girl,2,57,-0.06,-0.17
love,1,59,-0.03,-0.18
name,2,56,-0.07,-0.17
give,1,65,-0.06,-0.11
forget,3,55,-0.06,-0.15
thank,3,55,-0.06,-0.17
forget,1,55,-0.03,-0.17
joke,2,61,-0.07,-0.18
read,1,61,-0.11,-0.11
boy,2,58,-0.05,-0.17
zero,3,57,-0.0,-0.13
wild,2,61,-0.03,-0.16
cold,2,80,-0.06,-0.17
science,2,70,-0.05,-0.16
wait_notyet_,1,57,-0.04,-0.1
come,1,54,-0.02,-0.16
hello,3,51,-0.07,-0.17
why,2,58,-0.06,-0.17
why,3,60,-0.01,-0.17
zero,1,52,-0.05,-0.16
hear,2,60,-0.05,-0.16
happy,3,57,-0.13,-0.06
please,2,55,-0.05,-0.16
glove,3,89,-0.06,-0.17
where,2,60,-0.15,-0.11
joke,1,62,-0.03,-0.17
maybe,3,58,-0.03,-0.17
later,2,57,-0.03,-0.06
cold,3,60,-0.06,-0.12
name,3,54,-0.03,-0.14
money,2,57,-0.12,-0.11
mine,2,55,-0.05,-0.17
you,1,52,-0.03,-0.18
hello,1,50,-0.03,-0.16
flash,light,61,-0.05,-0.11
responsible,1,76,-0.1,-0.07
change_mind_,1,62,-0.05,-0.17
more,1,56,-0.07,-0.18
take,3,60,-0.05,-0.17
come,3,57,-0.02,-0.14
go,2,63,-0.04,-0.08
God,1,58,-0.02,-0.13
write,3,59,-0.11,-0.07
hurt,3,61,-0.01,-0.17
juice,1,61,-0.09,-0.11
head,3,58,-0.04,-0.18
change_mind_,2,84,-0.06,-0.16
sorry,3,67,-0.05,-0.17
joke,3,62,-0.04,-0.13
head,1,58,-0.01,-0.18
will,1,59,-0.06,-0.16
buy,3,62,-0.11,-0.05
who,2,61,-0.05,-0.18
tray,2,64,-0.05,-0.17
no,1,53,-0.03,-0.14
money,1,63,-0.08,-0.11
when,3,62,-0.05,-0.18
pen,1,54,-0.04,-0.15
all,2,59,-0.06,-0.17
different,3,63,-0.05,-0.17
innocent,2,61,-0.06,-0.18
will,3,53,-0.03,-0.17
computer_PC_,1,71,-0.06,-0.11
hurry,1,54,-0.04,-0.11
make,3,65,-0.03,-0.13
his_hers,1,58,-0.03,-0.16
you,3,50,-0.04,-0.18
hurt,1,57,-0.04,-0.16
where,3,55,-0.08,-0.12
what,2,77,-0.03,-0.17
alive,2,59,-0.06,-0.17
innocent,3,60,-0.05,-0.18
girl,3,89,-0.01,-0.17
all,1,58,-0.03,-0.17
read,2,61,-0.16,-0.11
right,2,54,-0.05,-0.17
shop,1,55,-0.11,-0.07
paper,1,60,-0.06,-0.16
lose,3,56,-0.04,-0.16
wrong,3,58,-0.04,-0.18
voluntary,2,62,-0.07,-0.17
what,1,56,-0.07,-0.17
wrong,2,69,-0.06,-0.17
money,3,58,-0.12,-0.07
research,1,63,-0.06,-0.12
wild,3,70,-0.02,-0.14
polite,1,55,-0.02,-0.17
hot,3,59,-0.06,-0.17
know,1,52,-0.07,-0.18
when,1,62,-0.04,-0.18
sad,2,58,-0.06,-0.17
you,2,55,-0.07,-0.17
surprise,1,54,-0.04,-0.17
not,my,54,-0.05,-0.1
voluntary,3,74,-0.04,-0.18
alive,1,56,-0.03,-0.15
hurry,2,55,-0.06,-0.11
building,2,68,-0.02,-0.08
exit,1,58,-0.04,-0.15
I,1,55,-0.01,-0.16
mine,1,53,-0.03,-0.16
science,3,62,-0.04,-0.16
question,1,59,-0.03,-0.13
girl,1,54,-0.05,-0.16
soon,3,57,-0.03,-0.17
eat,1,53,-0.07,-0.16
cost,1,55,-0.07,-0.11
innocent,1,63,-0.04,-0.16
eat,2,59,-0.04,-0.16
sad,1,62,-0.03,-0.17
us,1,54,-0.03,-0.17
no,3,52,-0.02,-0.14
what,3,53,-0.05,-0.18
his_hers,3,60,-0.05,-0.17
I,3,53,-0.07,-0.17
voluntary,1,59,-0.05,-0.17
where,1,64,-0.15,-0.09
lose,1,55,-0.12,-0.11
cold,1,54,-0.07,-0.12
hurt,2,62,-0.05,-0.17
paper,3,58,-0.03,-0.11
happy,2,57,-0.06,-0.11
thank,1,51,-0.06,-0.16
hurry,3,136,-0.01,-0.07
go,3,57,-0.04,-0.17
please,3,56,-0.03,-0.16
more,2,53,-0.05,-0.18
maybe,1,53,-0.03,-0.16
sad,3,55,-0.04,-0.16
boy,3,56,-0.0,-0.13
share,1,65,-0.06,-0.12
who,3,57,0.0,-0.13
crazy,2,65,-0.04,-0.14
man,2,66,-0.07,-0.16
know,2,58,-0.02,-0.17
drink,3,57,-0.02,-0.14
soon,1,55,-0.04,-0.16
different,2,56,-0.07,-0.15
draw,3,61,-0.12,-0.06
shop,3,58,-0.06,-0.14
exit,2,56,-0.03,-0.12
hear,3,55,0.0,-0.12
building,1,82,-0.03,-0.14
not,my,61,-0.11,-0.1
make,2,61,-0.03,-0.16
take,1,84,-0.04,-0.17
deaf,2,63,-0.05,-0.17
glove,1,70,-0.08,-0.11
spend,3,59,-0.09,-0.1
forget,2,64,-0.07,-0.18
question,2,54,-0.07,-0.06
wild,1,59,-0.09,-0.16
same,1,51,-0.12,-0.11
hot,1,50,-0.07,-0.17
which,2,57,-0.08,-0.17
juice,2,56,-0.13,-0.14
Norway,1,78,-0.07,-0.17
please,1,58,-0.08,-0.17
hot,2,54,-0.07,-0.16
stubborn,2,51,-0.07,-0.13
crazy,3,59,-0.07,-0.17
Norway,3,59,-0.09,-0.16
danger,2,55,-0.06,-0.18
share,2,59,-0.06,-0.12
crazy,1,58,-0.08,-0.17
spend,2,61,-0.13,-0.11
glove,2,59,-0.06,-0.16
stubborn,3,67,-0.12,0.04
read,3,56,-0.15,-0.06
spend,1,70,-0.11,-0.12
write,1,85,-0.15,-0.06
more,3,50,-0.06,-0.17
research,3,55,-0.03,-0.04
buy,1,68,-0.07,-0.14
tray,1,63,-0.05,-0.11
is_true_,1,58,-0.07,-0.16
answer,3,55,-0.06,0.0
later,1,61,-0.05,-0.1
mine,3,57,-0.08,-0.17
paper,2,56,-0.13,-0.09
ready,3,54,-0.17,-0.07
computer_PC_,3,57,-0.07,-0.01
how,1,52,-0.11,-0.12
surprise,3,51,-0.06,-0.16
drink,2,52,-0.07,-0.18
responsible,2,65,-0.12,0.02
question,3,54,-0.02,-0.01
later,3,89,-0.06,-0.11
think,2,57,-0.07,-0.16
head,2,50,-0.07,-0.17
make,1,58,-0.07,-0.09
how,3,51,-0.02,-0.12
polite,2,57,-0.06,-0.17
temper,2,58,-0.09,-0.01
I,2,50,-0.07,-0.16
surprise,2,53,-0.06,-0.16
boy,1,53,-0.06,-0.17
no,2,50,-0.07,-0.18
his_hers,2,49,-0.06,-0.18
change_mind_,3,57,-0.06,-0.16
flash,light,75,-0.03,-0.11
which,3,58,-0.08,-0.16
yes,3,50,-0.06,-0.18
alive,3,60,-0.09,-0.17
all,3,55,-0.07,-0.16
answer,2,54,-0.07,-0.09
who,1,56,-0.08,-0.17
deaf,3,52,-0.07,-0.17
hear,1,59,-0.08,-0.16
eat,3,51,-0.07,-0.17
will,2,57,-0.08,-0.18
research,2,65,-0.07,-0.1
draw,1,60,-0.18,-0.06
think,3,53,-0.06,-0.16
us,3,55,-0.08,-0.18
right,3,53,-0.04,-0.18
same,3,51,-0.03,-0.05
ready,2,65,-0.17,-0.08
draw,2,58,-0.18,-0.09
love,2,56,-0.08,-0.15
pen,2,56,-0.07,-0.17
pen,3,63,-0.06,-0.17
danger,1,54,-0.08,-0.17
lose,2,79,-0.06,-0.06
cost,2,73,-0.16,-0.01
come,2,51,-0.06,-0.18
not,my,51,-0.15,-0.04
man,1,49,-0.08,-0.16
sorry,2,59,-0.07,-0.17
give,3,53,-0.12,-0.08
happy,1,65,-0.13,-0.11
drink,1,53,-0.06,-0.16
wrong,1,55,-0.07,-0.16
right,1,49,-0.08,-0.15
buy,2,59,-0.13,-0.16
polite,3,57,-0.06,-0.17
exit,3,55,-0.07,-0.17
flash,light,59,-0.06,-0.16
maybe,2,56,-0.06,-0.17
computer_PC_,2,60,-0.07,-0.02
Norway,2,59,-0.07,-0.17
how,2,65,-0.09,-0.14
think,1,56,-0.07,-0.18
why,1,58,-0.08,-0.17
God,2,62,-0.07,-0.15
God,3,53,-0.04,-0.07
yes,1,79,-0.08,-0.16
temper,1,55,-0.15,0.05
give,2,76,-0.08,-0.16
stubborn,1,51,-0.07,-0.08
tray,3,59,0.04,-0.01
love,3,56,-0.08,-0.14
when,2,61,-0.08,-0.18
temper,3,59,-0.09,-0.02
science,1,62,-0.07,-0.18
building,3,67,-0.07,-0.07
sorry,1,56,-0.08,-0.18
is_true_,2,60,-0.09,-0.15
zero,2,53,-0.06,-0.18
answer,1,57,-0.07,-0.07
different,1,51,0.0,-0.09
us,2,54,-0.08,-0.17
man,3,52,-0.07,-0.18
name,1,53,-0.07,-0.17
danger,3,74,-0.08,-0.18
soon,2,55,-0.06,-0.16
write,2,63,-0.15,-0.05
share,3,64,-0.06,-0.12
cost,3,53,-0.17,-0.05
ready,1,54,-0.19,-0.12
shop,2,67,-0.13,-0.11
thank,2,49,-0.06,-0.17
same,2,76,-0.07,-0.08
wait_notyet_,2,57,-0.08,-0.06
hello,2,49,-0.06,-0.16
know,3,52,-0.08,-0.16
responsible,3,53,-0.09,0.03
go,1,54,-0.07,-0.03
yes,2,62,-0.07,-0.17
wait_notyet_,3,53,-0.13,0.01
juice,3,64,-0.12,-0.11
deaf,1,54,-0.08,-0.17
which,1,57,-0.12,-0.17
take,2,53,-0.11,-0.16
is_true_,3,54,-0.07,-0.11
girl,2,68,-0.07,-0.17
love,1,84,-0.05,-0.02
name,2,54,-0.07,-0.17
give,1,55,-0.12,-0.05
forget,3,52,-0.07,-0.16
thank,3,54,-0.08,-0.18
forget,1,55,-0.06,-0.17
joke,2,56,-0.08,-0.18
read,1,62,-0.09,-0.12
boy,2,58,-0.07,-0.16
zero,3,51,-0.07,-0.16
wild,2,57,-0.08,-0.16
cold,2,57,-0.1,-0.07
science,2,62,-0.09,-0.16
wait_notyet_,1,54,-0.18,0.04
come,1,49,-0.07,-0.18
hello,3,51,-0.07,-0.17
why,2,58,-0.07,-0.16
why,3,57,-0.07,-0.16
zero,1,51,-0.09,-0.17
hear,2,55,-0.08,-0.16
happy,3,57,-0.14,-0.11
please,2,56,-0.08,-0.16
glove,3,67,-0.15,-0.11
where,2,57,-0.2,-0.09
joke,1,57,-0.1,-0.17
maybe,3,51,-0.08,-0.17
later,2,58,-0.09,-0.15
cold,3,53,-0.17,0.0
name,3,52,-0.06,-0.16
money,2,52,-0.14,-0.11
mine,2,50,-0.06,-0.16
you,1,53,-0.08,-0.17
hello,1,52,-0.07,-0.17
flash,light,60,-0.07,-0.15
responsible,1,58,-0.13,-0.03
change_mind_,1,60,-0.08,-0.18
more,1,51,-0.1,-0.17
take,3,50,-0.07,-0.17
come,3,54,-0.05,-0.17
go,2,55,-0.06,-0.12
God,1,57,-0.07,-0.16
write,3,63,-0.18,-0.05
hurt,3,55,-0.06,-0.17
juice,1,61,-0.13,-0.11
head,3,55,-0.06,-0.17
change_mind_,2,61,-0.08,-0.15
sorry,3,57,-0.07,-0.18
joke,3,74,-0.06,-0.17
head,1,53,-0.08,-0.17
will,1,51,-0.08,-0.17
buy,3,53,-0.14,-0.05
who,2,57,-0.08,-0.17
tray,2,64,0.04,0.02
no,1,50,-0.06,-0.16
money,1,54,-0.15,-0.1
when,3,73,-0.08,-0.18
pen,1,54,-0.06,-0.16
all,2,59,-0.05,-0.17
different,3,53,0.01,-0.06
innocent,2,60,-0.08,-0.16
will,3,52,-0.08,-0.16
computer_PC_,1,65,-0.06,-0.03
hurry,1,66,-0.08,-0.12
make,3,73,-0.06,-0.11
his_hers,1,50,-0.08,-0.17
you,3,52,-0.07,-0.17
hurt,1,80,-0.08,-0.18
where,3,54,-0.24,-0.12
what,2,53,-0.08,-0.17
alive,2,55,-0.08,-0.17
innocent,3,56,-0.07,-0.17
girl,3,52,-0.07,-0.18
all,1,60,-0.08,-0.16
read,2,66,-0.08,-0.16
right,2,48,-0.06,-0.17
shop,1,57,-0.17,-0.11
paper,1,56,-0.13,-0.09
lose,3,53,-0.08,-0.06
wrong,3,49,-0.08,-0.17
voluntary,2,54,-0.08,-0.17
what,1,50,-0.08,-0.16
wrong,2,51,-0.06,-0.16
money,3,60,-0.14,-0.11
research,1,59,-0.07,-0.09
wild,3,63,-0.08,-0.17
polite,1,65,-0.06,-0.17
hot,3,52,-0.09,-0.18
know,1,63,-0.06,-0.16
when,1,60,-0.08,-0.17
sad,2,56,-0.08,-0.16
you,2,66,-0.06,-0.16
surprise,1,54,-0.07,-0.17
not,my,53,-0.18,-0.07
voluntary,3,56,-0.06,-0.17
alive,1,56,-0.07,-0.16
hurry,2,67,-0.07,-0.0
building,2,95,-0.05,-0.1
exit,1,53,-0.12,-0.05
I,1,54,-0.06,-0.17
mine,1,73,-0.08,-0.16
science,3,64,-0.07,-0.18
question,1,55,-0.07,-0.06
girl,1,55,-0.08,-0.16
soon,3,58,-0.07,-0.18
eat,1,55,-0.09,-0.18
cost,1,56,-0.12,-0.12
innocent,1,57,-0.06,-0.17
eat,2,51,-0.07,-0.16
sad,1,56,-0.08,-0.16
us,1,56,-0.08,-0.17
no,3,52,-0.07,-0.18
what,3,68,-0.07,-0.17
his_hers,3,53,-0.07,-0.17
I,3,50,-0.06,-0.16
voluntary,1,57,-0.08,-0.16
where,1,57,-0.26,-0.12
lose,1,53,-0.12,-0.07
cold,1,60,-0.09,-0.09
hurt,2,54,-0.07,-0.16
paper,3,55,-0.08,-0.05
happy,2,58,0.02,0.01
thank,1,49,-0.06,-0.16
hurry,3,51,-0.07,-0.1
go,3,54,-0.07,-0.08
please,3,52,-0.08,-0.17
more,2,55,-0.06,-0.18
maybe,1,51,-0.07,-0.17
sad,3,53,-0.06,-0.16
boy,3,57,-0.06,-0.17
share,1,63,-0.12,-0.11
who,3,58,-0.07,-0.16
crazy,2,64,-0.07,-0.17
man,2,51,-0.07,-0.17
know,2,52,-0.07,-0.18
drink,3,53,-0.08,-0.16
soon,1,57,-0.09,-0.16
different,2,69,-0.02,-0.09
draw,3,59,-0.13,-0.12
shop,3,66,-0.18,-0.1
exit,2,55,-0.1,-0.07
hear,3,55,-0.06,-0.17
building,1,68,-0.07,0.02
not,my,52,-0.12,-0.08
make,2,57,-0.07,-0.11
take,1,50,-0.08,-0.16
deaf,2,78,-0.06,-0.16
glove,1,52,-0.11,-0.11
spend,3,62,-0.13,-0.07
forget,2,59,-0.05,-0.16
question,2,69,-0.05,-0.13
wild,1,62,-0.07,-0.16
same,1,54,-0.06,-0.1
hot,1,56,-0.06,-0.16
which,2,57,-0.05,-0.17
juice,2,62,-0.1,-0.12
Norway,1,56,-0.05,-0.17
please,1,57,-0.05,-0.15
hot,2,54,-0.06,-0.17
stubborn,2,59,-0.05,-0.09
crazy,3,61,-0.06,-0.16
Norway,3,61,-0.05,-0.17
danger,2,55,-0.05,-0.17
share,2,63,-0.07,-0.12
crazy,1,64,-0.05,-0.17
spend,2,57,-0.1,-0.11
glove,2,55,-0.09,-0.11
stubborn,3,53,-0.05,-0.03
read,3,63,-0.12,-0.07
spend,1,54,-0.07,-0.09
write,1,87,-0.11,-0.11
more,3,51,-0.06,-0.17
research,3,61,-0.03,-0.06
buy,1,53,-0.13,-0.1
tray,1,62,-0.05,-0.11
is_true_,1,60,-0.08,-0.11
answer,3,54,-0.06,-0.05
later,1,57,-0.03,-0.11
mine,3,68,-0.1,-0.16
paper,2,54,-0.06,-0.08
ready,3,54,-0.17,-0.13
computer_PC_,3,59,-0.06,-0.06
how,1,55,-0.12,-0.11
surprise,3,51,-0.06,-0.16
drink,2,52,-0.07,-0.16
responsible,2,76,-0.11,0.02
question,3,53,0.0,-0.04
later,3,59,-0.05,-0.14
think,2,52,-0.07,-0.18
head,2,55,-0.06,-0.16
make,1,56,-0.05,-0.12
how,3,54,-0.07,-0.18
polite,2,53,-0.06,-0.17
temper,2,59,-0.11,0.04
I,2,51,-0.04,-0.16
surprise,2,50,-0.06,-0.16
boy,1,56,-0.05,-0.18
no,2,60,-0.05,-0.18
his_hers,2,58,-0.06,-0.15
change_mind_,3,58,-0.06,-0.17
flash,light,56,-0.02,-0.12
which,3,55,-0.05,-0.16
yes,3,55,-0.06,-0.18
alive,3,57,-0.07,-0.17
all,3,56,-0.05,-0.17
answer,2,56,-0.05,-0.04
who,1,65,-0.05,-0.18
deaf,3,55,-0.06,-0.17
hear,1,59,-0.04,-0.16
eat,3,61,-0.05,-0.16
will,2,55,-0.05,-0.16
research,2,63,-0.06,-0.07
draw,1,76,-0.09,-0.16
think,3,54,-0.06,-0.17
us,3,54,-0.06,-0.16
right,3,49,-0.05,-0.17
same,3,56,-0.03,-0.13
ready,2,55,-0.17,-0.11
draw,2,57,-0.14,-0.11
love,2,61,-0.02,-0.01
pen,2,56,-0.05,-0.17
pen,3,52,-0.06,-0.16
danger,1,57,-0.07,-0.17
lose,2,55,-0.08,-0.06
cost,2,53,-0.17,-0.1
come,2,55,-0.06,-0.17
not,my,60,-0.11,-0.11
man,1,53,-0.06,-0.15
sorry,2,55,-0.05,-0.16
give,3,56,-0.11,-0.09
happy,1,60,-0.11,-0.11
drink,1,54,-0.07,-0.17
wrong,1,57,-0.06,-0.16
right,1,52,-0.07,-0.17
buy,2,56,-0.08,-0.16
polite,3,53,-0.04,-0.18
exit,3,57,-0.06,-0.18
flash,light,60,-0.02,-0.1
maybe,2,47,-0.05,-0.18
computer_PC_,2,62,-0.04,-0.06
Norway,2,56,-0.06,-0.17
how,2,53,-0.06,-0.12
think,1,53,-0.06,-0.16
why,1,58,-0.06,-0.17
God,2,54,-0.06,-0.11
God,3,55,-0.06,-0.11
yes,1,60,-0.07,-0.17
temper,1,55,-0.11,-0.06
give,2,80,-0.12,-0.11
stubborn,1,50,-0.07,0.02
tray,3,64,-0.03,-0.07
love,3,54,0.04,0.03
when,2,82,-0.07,-0.18
temper,3,54,-0.11,0.03
science,1,62,-0.06,-0.17
building,3,75,0.0,-0.02
sorry,1,59,-0.05,-0.16
is_true_,2,52,-0.05,-0.11
zero,2,52,-0.05,-0.17
answer,1,61,-0.04,-0.1
different,1,51,0.05,-0.11
us,2,53,-0.06,-0.16
man,3,55,-0.06,-0.16
name,1,54,-0.06,-0.17
danger,3,58,-0.07,-0.18
soon,2,56,-0.06,-0.17
write,2,69,-0.13,-0.11
share,3,65,-0.05,-0.12
cost,3,51,-0.11,-0.1
ready,1,56,-0.14,-0.13
shop,2,67,-0.11,-0.11
thank,2,53,-0.04,-0.17
same,2,69,-0.01,-0.09
wait_notyet_,2,58,-0.1,-0.08
hello,2,49,-0.1,-0.16
know,3,70,-0.04,-0.17
responsible,3,68,-0.14,-0.1
go,1,55,-0.09,-0.02
yes,2,78,-0.04,-0.18
wait_notyet_,3,56,-0.05,-0.04
juice,3,60,-0.11,-0.1
deaf,1,63,-0.05,-0.18
which,1,58,-0.05,-0.17
take,2,52,-0.05,-0.17
is_true_,3,55,-0.08,-0.13
girl,2,59,-0.07,-0.18
love,1,56,-0.05,-0.03
name,2,52,-0.05,-0.18
give,1,58,-0.12,-0.11
forget,3,56,-0.06,-0.17
thank,3,59,-0.06,-0.16
forget,1,54,-0.05,-0.17
joke,2,56,-0.06,-0.17
read,1,65,-0.16,-0.11
boy,2,56,-0.06,-0.16
zero,3,51,-0.05,-0.16
wild,2,60,-0.05,-0.16
cold,2,63,-0.11,-0.02
science,2,65,-0.05,-0.15
wait_notyet_,1,54,-0.11,-0.05
come,1,55,-0.07,-0.18
hello,3,51,-0.07,-0.18
why,2,56,-0.05,-0.17
why,3,57,-0.07,-0.17
zero,1,51,-0.05,-0.16
hear,2,63,-0.06,-0.17
happy,3,55,-0.1,-0.11
please,2,55,-0.08,-0.17
glove,3,56,-0.09,-0.09
where,2,54,-0.19,-0.1
joke,1,55,-0.05,-0.16
maybe,3,53,-0.06,-0.16
later,2,83,-0.06,-0.11
cold,3,55,-0.08,-0.01
name,3,54,-0.06,-0.18
money,2,58,-0.04,-0.16
mine,2,50,-0.07,-0.16
you,1,50,-0.05,-0.18
hello,1,50,-0.05,-0.18
flash,light,56,-0.05,-0.13
responsible,1,58,-0.08,0.08
change_mind_,1,57,-0.05,-0.17
more,1,52,-0.06,-0.18
take,3,53,-0.06,-0.17
come,3,53,-0.07,-0.16
go,2,51,0.0,0.0
God,1,60,-0.06,-0.14
write,3,61,-0.15,-0.11
hurt,3,63,-0.09,-0.16
juice,1,65,-0.11,-0.11
head,3,53,-0.06,-0.17
change_mind_,2,59,-0.06,-0.16
sorry,3,55,-0.06,-0.17
joke,3,57,-0.06,-0.17
head,1,55,-0.07,-0.18
will,1,56,-0.05,-0.18
buy,3,56,-0.12,-0.13
who,2,55,-0.07,-0.17
tray,2,80,-0.01,-0.02
no,1,52,-0.05,-0.17
money,1,79,-0.16,-0.11
when,3,60,-0.04,-0.16
pen,1,54,-0.05,-0.16
all,2,61,-0.06,-0.17
different,3,69,0.0,-0.1
innocent,2,55,-0.08,-0.17
will,3,57,-0.06,-0.16
computer_PC_,1,58,-0.06,-0.06
hurry,1,74,-0.1,-0.11
make,3,60,-0.08,-0.11
his_hers,1,55,-0.04,-0.17
you,3,55,-0.05,-0.17
hurt,1,58,-0.05,-0.16
where,3,54,-0.22,-0.12
what,2,49,-0.05,-0.17
alive,2,54,-0.06,-0.15
innocent,3,54,-0.06,-0.16
girl,3,56,-0.05,-0.18
all,1,85,-0.05,-0.17
read,2,88,-0.12,-0.1
right,2,51,-0.07,-0.16
shop,1,63,-0.06,-0.16
paper,1,72,-0.1,-0.1
lose,3,53,-0.09,-0.11
wrong,3,54,-0.06,-0.16
voluntary,2,58,-0.07,-0.16
what,1,55,-0.07,-0.16
wrong,2,55,-0.06,-0.17
money,3,55,-0.12,-0.12
research,1,71,-0.06,-0.05
wild,3,56,-0.05,-0.16
polite,1,53,-0.05,-0.15
hot,3,52,-0.07,-0.17
know,1,53,-0.04,-0.16
when,1,57,-0.05,-0.17
sad,2,52,-0.05,-0.17
you,2,52,-0.05,-0.16
surprise,1,52,-0.05,-0.17
not,my,54,-0.17,-0.04
voluntary,3,57,-0.06,-0.16
alive,1,56,-0.07,-0.15
hurry,2,54,-0.06,-0.11
building,2,70,-0.02,-0.04
exit,1,55,-0.11,-0.07
I,1,55,-0.05,-0.16
mine,1,70,-0.05,-0.16
science,3,81,-0.05,-0.17
question,1,53,-0.03,-0.05
girl,1,57,-0.05,-0.17
soon,3,55,-0.05,-0.17
eat,1,55,-0.04,-0.17
cost,1,51,-0.13,-0.1
innocent,1,55,-0.06,-0.16
eat,2,57,-0.06,-0.17
sad,1,52,-0.07,-0.16
us,1,57,-0.07,-0.16
no,3,51,-0.05,-0.16
what,3,53,-0.05,-0.18
his_hers,3,58,-0.07,-0.16
I,3,52,-0.05,-0.17
voluntary,1,57,-0.06,-0.18
where,1,55,-0.15,-0.13
lose,1,54,-0.1,-0.09
cold,1,52,-0.12,0.0
hurt,2,59,-0.07,-0.16
paper,3,62,-0.08,-0.14
happy,2,55,-0.1,-0.11
thank,1,65,-0.05,-0.15
hurry,3,58,-0.06,-0.13
go,3,54,-0.04,-0.02
please,3,54,-0.06,-0.17
more,2,50,-0.04,-0.16
maybe,1,55,-0.05,-0.16
sad,3,49,-0.05,-0.17
boy,3,81,-0.05,-0.16
share,1,69,-0.07,-0.11
who,3,56,-0.05,-0.17
crazy,2,60,-0.06,-0.18
man,2,72,-0.06,-0.17
know,2,53,-0.04,-0.17
drink,3,55,-0.06,-0.16
soon,1,58,-0.07,-0.15
different,2,54,-0.04,-0.14
draw,3,61,-0.11,-0.08
shop,3,57,-0.12,-0.11
exit,2,74,-0.05,-0.01
hear,3,61,-0.05,-0.17
building,1,62,-0.06,-0.04
not,my,66,-0.17,-0.08
make,2,63,-0.05,-0.11
take,1,54,-0.05,-0.17
deaf,2,55,-0.05,-0.17
glove,1,55,-0.12,-0.07
spend,3,73,-0.06,-0.12
